2026-06-04 10:59:11.459 [com.krce.amazon.utilities.DataGenerator.main()] INFO  com.krce.amazon.utilities.DataGenerator - Sample input Excel generated: src/main/resources/testdata/input.xlsx
2026-06-04 10:59:11.544 [com.krce.amazon.utilities.DataGenerator.main()] INFO  com.krce.amazon.utilities.DataGenerator - Sample input CSV generated: src/main/resources/testdata/input.csv
2026-06-04 11:01:22.805 [main] INFO  com.krce.amazon.utilities.DataGenerator - Sample input Excel generated: src/main/resources/testdata/input.xlsx
2026-06-04 11:01:22.878 [main] INFO  com.krce.amazon.utilities.DataGenerator - Sample input CSV generated: src/main/resources/testdata/input.csv
2026-06-04 11:20:31.991 [main] INFO  com.krce.amazon.config.ConfigReader - Configuration loaded from src/main/resources/config.properties
2026-06-04 11:20:32.711 [main] INFO  com.krce.amazon.utilities.ExtentReportManager - Extent Report initialized at: output/reports/AmazonTestReport_20260604_112031.html
2026-06-04 11:20:32.712 [main] INFO  com.krce.amazon.base.BaseTest - Extent Report initialized for test suite
2026-06-04 11:20:35.408 [main] INFO  com.krce.amazon.utilities.ExcelReader - Read 4 search keywords from Excel: src/main/resources/testdata/input.xlsx
2026-06-04 11:20:35.498 [main] INFO  com.krce.amazon.base.BaseTest - Initializing browser: chrome, headless: false
2026-06-04 11:20:49.004 [main] INFO  com.krce.amazon.base.BaseTest - WebDriver initialized for browser: chrome
2026-06-04 11:20:51.080 [main] INFO  com.krce.amazon.tests.AmazonProductSearchTest - Starting test for keyword: Toys
2026-06-04 11:20:59.120 [main] INFO  com.krce.amazon.pages.HomePage - Navigated to Amazon URL: https://www.amazon.in
2026-06-04 11:21:35.319 [main] INFO  com.krce.amazon.utilities.ScreenshotUtil - Screenshot saved: output/screenshots/Failure_Toys_20260604_112132.png
2026-06-04 11:21:35.799 [main] ERROR com.krce.amazon.tests.AmazonProductSearchTest - Test failed for keyword: Toys
org.openqa.selenium.NoSuchElementException: Cannot locate option with text: Toys
For documentation on this error, please visit: https://www.selenium.dev/documentation/webdriver/troubleshooting/errors#no-such-element-exception
Build info: version: '4.27.0', revision: 'd6e718d134'
System info: os.name: 'Windows 11', os.arch: 'amd64', os.version: '10.0', java.version: '21.0.10'
Driver info: driver.version: unknown
	at org.openqa.selenium.support.ui.Select.selectByVisibleText(Select.java:167) ~[selenium-support-4.27.0.jar:?]
	at com.krce.amazon.pages.HomePage.selectCategory(HomePage.java:39) ~[classes/:?]
	at com.krce.amazon.pages.HomePage.searchProduct(HomePage.java:57) ~[classes/:?]
	at com.krce.amazon.tests.AmazonProductSearchTest.testAmazonProductSearch(AmazonProductSearchTest.java:74) ~[test-classes/:?]
	at java.base/jdk.internal.reflect.DirectMethodHandleAccessor.invoke(DirectMethodHandleAccessor.java:103) ~[?:?]
	at java.base/java.lang.reflect.Method.invoke(Method.java:580) ~[?:?]
	at org.testng.internal.invokers.MethodInvocationHelper.invokeMethod(MethodInvocationHelper.java:141) ~[testng-7.10.2.jar:7.10.2]
	at org.testng.internal.invokers.TestInvoker.invokeMethod(TestInvoker.java:686) ~[testng-7.10.2.jar:7.10.2]
	at org.testng.internal.invokers.TestInvoker.invokeTestMethod(TestInvoker.java:230) ~[testng-7.10.2.jar:7.10.2]
	at org.testng.internal.invokers.MethodRunner.runInSequence(MethodRunner.java:63) ~[testng-7.10.2.jar:7.10.2]
	at org.testng.internal.invokers.TestInvoker$MethodInvocationAgent.invoke(TestInvoker.java:992) ~[testng-7.10.2.jar:7.10.2]
	at org.testng.internal.invokers.TestInvoker.invokeTestMethods(TestInvoker.java:203) ~[testng-7.10.2.jar:7.10.2]
	at org.testng.internal.invokers.TestMethodWorker.invokeTestMethods(TestMethodWorker.java:154) ~[testng-7.10.2.jar:7.10.2]
	at org.testng.internal.invokers.TestMethodWorker.run(TestMethodWorker.java:134) ~[testng-7.10.2.jar:7.10.2]
	at java.base/java.util.ArrayList.forEach(ArrayList.java:1596) [?:?]
	at org.testng.TestRunner.privateRun(TestRunner.java:739) [testng-7.10.2.jar:7.10.2]
	at org.testng.TestRunner.run(TestRunner.java:614) [testng-7.10.2.jar:7.10.2]
	at org.testng.SuiteRunner.runTest(SuiteRunner.java:421) [testng-7.10.2.jar:7.10.2]
	at org.testng.SuiteRunner.runSequentially(SuiteRunner.java:413) [testng-7.10.2.jar:7.10.2]
	at org.testng.SuiteRunner.privateRun(SuiteRunner.java:373) [testng-7.10.2.jar:7.10.2]
	at org.testng.SuiteRunner.run(SuiteRunner.java:312) [testng-7.10.2.jar:7.10.2]
	at org.testng.SuiteRunnerWorker.runSuite(SuiteRunnerWorker.java:52) [testng-7.10.2.jar:7.10.2]
	at org.testng.SuiteRunnerWorker.run(SuiteRunnerWorker.java:95) [testng-7.10.2.jar:7.10.2]
	at org.testng.TestNG.runSuitesSequentially(TestNG.java:1274) [testng-7.10.2.jar:7.10.2]
	at org.testng.TestNG.runSuitesLocally(TestNG.java:1208) [testng-7.10.2.jar:7.10.2]
	at org.testng.TestNG.runSuites(TestNG.java:1112) [testng-7.10.2.jar:7.10.2]
	at org.testng.TestNG.run(TestNG.java:1079) [testng-7.10.2.jar:7.10.2]
	at org.apache.maven.surefire.testng.TestNGExecutor.run(TestNGExecutor.java:308) [surefire-testng-3.5.2.jar:3.5.2]
	at org.apache.maven.surefire.testng.TestNGXmlTestSuite.execute(TestNGXmlTestSuite.java:71) [surefire-testng-3.5.2.jar:3.5.2]
	at org.apache.maven.surefire.testng.TestNGProvider.invoke(TestNGProvider.java:113) [surefire-testng-3.5.2.jar:3.5.2]
	at org.apache.maven.surefire.booter.ForkedBooter.runSuitesInProcess(ForkedBooter.java:385) [surefire-booter-3.5.2.jar:3.5.2]
	at org.apache.maven.surefire.booter.ForkedBooter.execute(ForkedBooter.java:162) [surefire-booter-3.5.2.jar:3.5.2]
	at org.apache.maven.surefire.booter.ForkedBooter.run(ForkedBooter.java:507) [surefire-booter-3.5.2.jar:3.5.2]
	at org.apache.maven.surefire.booter.ForkedBooter.main(ForkedBooter.java:495) [surefire-booter-3.5.2.jar:3.5.2]
2026-06-04 11:21:37.287 [main] INFO  com.krce.amazon.utilities.RetryAnalyzer - Retrying test 'testAmazonProductSearch' - attempt 1/2
2026-06-04 11:21:39.484 [main] INFO  com.krce.amazon.utilities.ScreenshotUtil - Screenshot saved: output/screenshots/AfterTest__20260604_112137.png
2026-06-04 11:21:56.444 [main] INFO  com.krce.amazon.base.BaseTest - WebDriver quit successfully
2026-06-04 11:21:56.457 [main] INFO  com.krce.amazon.base.BaseTest - Initializing browser: chrome, headless: false
2026-06-04 11:22:01.989 [main] INFO  com.krce.amazon.base.BaseTest - WebDriver initialized for browser: chrome
2026-06-04 11:22:02.049 [main] INFO  com.krce.amazon.tests.AmazonProductSearchTest - Starting test for keyword: Toys
2026-06-04 11:22:12.429 [main] INFO  com.krce.amazon.pages.HomePage - Navigated to Amazon URL: https://www.amazon.in
2026-06-04 11:22:30.715 [main] INFO  com.krce.amazon.utilities.ScreenshotUtil - Screenshot saved: output/screenshots/Failure_Toys_20260604_112229.png
2026-06-04 11:22:30.720 [main] ERROR com.krce.amazon.tests.AmazonProductSearchTest - Test failed for keyword: Toys
org.openqa.selenium.NoSuchElementException: Cannot locate option with text: Toys
For documentation on this error, please visit: https://www.selenium.dev/documentation/webdriver/troubleshooting/errors#no-such-element-exception
Build info: version: '4.27.0', revision: 'd6e718d134'
System info: os.name: 'Windows 11', os.arch: 'amd64', os.version: '10.0', java.version: '21.0.10'
Driver info: driver.version: unknown
	at org.openqa.selenium.support.ui.Select.selectByVisibleText(Select.java:167) ~[selenium-support-4.27.0.jar:?]
	at com.krce.amazon.pages.HomePage.selectCategory(HomePage.java:39) ~[classes/:?]
	at com.krce.amazon.pages.HomePage.searchProduct(HomePage.java:57) ~[classes/:?]
	at com.krce.amazon.tests.AmazonProductSearchTest.testAmazonProductSearch(AmazonProductSearchTest.java:74) ~[test-classes/:?]
	at java.base/jdk.internal.reflect.DirectMethodHandleAccessor.invoke(DirectMethodHandleAccessor.java:103) ~[?:?]
	at java.base/java.lang.reflect.Method.invoke(Method.java:580) ~[?:?]
	at org.testng.internal.invokers.MethodInvocationHelper.invokeMethod(MethodInvocationHelper.java:141) ~[testng-7.10.2.jar:7.10.2]
	at org.testng.internal.invokers.TestInvoker.invokeMethod(TestInvoker.java:686) ~[testng-7.10.2.jar:7.10.2]
	at org.testng.internal.invokers.TestInvoker.retryFailed(TestInvoker.java:269) ~[testng-7.10.2.jar:7.10.2]
	at org.testng.internal.invokers.MethodRunner.runInSequence(MethodRunner.java:76) ~[testng-7.10.2.jar:7.10.2]
	at org.testng.internal.invokers.TestInvoker$MethodInvocationAgent.invoke(TestInvoker.java:992) ~[testng-7.10.2.jar:7.10.2]
	at org.testng.internal.invokers.TestInvoker.invokeTestMethods(TestInvoker.java:203) ~[testng-7.10.2.jar:7.10.2]
	at org.testng.internal.invokers.TestMethodWorker.invokeTestMethods(TestMethodWorker.java:154) ~[testng-7.10.2.jar:7.10.2]
	at org.testng.internal.invokers.TestMethodWorker.run(TestMethodWorker.java:134) ~[testng-7.10.2.jar:7.10.2]
	at java.base/java.util.ArrayList.forEach(ArrayList.java:1596) [?:?]
	at org.testng.TestRunner.privateRun(TestRunner.java:739) [testng-7.10.2.jar:7.10.2]
	at org.testng.TestRunner.run(TestRunner.java:614) [testng-7.10.2.jar:7.10.2]
	at org.testng.SuiteRunner.runTest(SuiteRunner.java:421) [testng-7.10.2.jar:7.10.2]
	at org.testng.SuiteRunner.runSequentially(SuiteRunner.java:413) [testng-7.10.2.jar:7.10.2]
	at org.testng.SuiteRunner.privateRun(SuiteRunner.java:373) [testng-7.10.2.jar:7.10.2]
	at org.testng.SuiteRunner.run(SuiteRunner.java:312) [testng-7.10.2.jar:7.10.2]
	at org.testng.SuiteRunnerWorker.runSuite(SuiteRunnerWorker.java:52) [testng-7.10.2.jar:7.10.2]
	at org.testng.SuiteRunnerWorker.run(SuiteRunnerWorker.java:95) [testng-7.10.2.jar:7.10.2]
	at org.testng.TestNG.runSuitesSequentially(TestNG.java:1274) [testng-7.10.2.jar:7.10.2]
	at org.testng.TestNG.runSuitesLocally(TestNG.java:1208) [testng-7.10.2.jar:7.10.2]
	at org.testng.TestNG.runSuites(TestNG.java:1112) [testng-7.10.2.jar:7.10.2]
	at org.testng.TestNG.run(TestNG.java:1079) [testng-7.10.2.jar:7.10.2]
	at org.apache.maven.surefire.testng.TestNGExecutor.run(TestNGExecutor.java:308) [surefire-testng-3.5.2.jar:3.5.2]
	at org.apache.maven.surefire.testng.TestNGXmlTestSuite.execute(TestNGXmlTestSuite.java:71) [surefire-testng-3.5.2.jar:3.5.2]
	at org.apache.maven.surefire.testng.TestNGProvider.invoke(TestNGProvider.java:113) [surefire-testng-3.5.2.jar:3.5.2]
	at org.apache.maven.surefire.booter.ForkedBooter.runSuitesInProcess(ForkedBooter.java:385) [surefire-booter-3.5.2.jar:3.5.2]
	at org.apache.maven.surefire.booter.ForkedBooter.execute(ForkedBooter.java:162) [surefire-booter-3.5.2.jar:3.5.2]
	at org.apache.maven.surefire.booter.ForkedBooter.run(ForkedBooter.java:507) [surefire-booter-3.5.2.jar:3.5.2]
	at org.apache.maven.surefire.booter.ForkedBooter.main(ForkedBooter.java:495) [surefire-booter-3.5.2.jar:3.5.2]
2026-06-04 11:22:30.734 [main] INFO  com.krce.amazon.utilities.RetryAnalyzer - Retrying test 'testAmazonProductSearch' - attempt 2/2
2026-06-04 11:22:31.603 [main] INFO  com.krce.amazon.utilities.ScreenshotUtil - Screenshot saved: output/screenshots/AfterTest__20260604_112230.png
2026-06-04 11:22:33.697 [main] INFO  com.krce.amazon.base.BaseTest - WebDriver quit successfully
2026-06-04 11:22:33.702 [main] INFO  com.krce.amazon.base.BaseTest - Initializing browser: chrome, headless: false
2026-06-04 11:22:37.096 [main] INFO  com.krce.amazon.base.BaseTest - WebDriver initialized for browser: chrome
2026-06-04 11:22:37.111 [main] INFO  com.krce.amazon.tests.AmazonProductSearchTest - Starting test for keyword: Toys
2026-06-04 11:22:39.115 [main] INFO  com.krce.amazon.pages.HomePage - Navigated to Amazon URL: https://www.amazon.in
2026-06-04 11:22:55.202 [main] INFO  com.krce.amazon.utilities.ScreenshotUtil - Screenshot saved: output/screenshots/Failure_Toys_20260604_112254.png
2026-06-04 11:22:55.217 [main] ERROR com.krce.amazon.tests.AmazonProductSearchTest - Test failed for keyword: Toys
org.openqa.selenium.NoSuchElementException: Cannot locate option with text: Toys
For documentation on this error, please visit: https://www.selenium.dev/documentation/webdriver/troubleshooting/errors#no-such-element-exception
Build info: version: '4.27.0', revision: 'd6e718d134'
System info: os.name: 'Windows 11', os.arch: 'amd64', os.version: '10.0', java.version: '21.0.10'
Driver info: driver.version: unknown
	at org.openqa.selenium.support.ui.Select.selectByVisibleText(Select.java:167) ~[selenium-support-4.27.0.jar:?]
	at com.krce.amazon.pages.HomePage.selectCategory(HomePage.java:39) ~[classes/:?]
	at com.krce.amazon.pages.HomePage.searchProduct(HomePage.java:57) ~[classes/:?]
	at com.krce.amazon.tests.AmazonProductSearchTest.testAmazonProductSearch(AmazonProductSearchTest.java:74) ~[test-classes/:?]
	at java.base/jdk.internal.reflect.DirectMethodHandleAccessor.invoke(DirectMethodHandleAccessor.java:103) ~[?:?]
	at java.base/java.lang.reflect.Method.invoke(Method.java:580) ~[?:?]
	at org.testng.internal.invokers.MethodInvocationHelper.invokeMethod(MethodInvocationHelper.java:141) ~[testng-7.10.2.jar:7.10.2]
	at org.testng.internal.invokers.TestInvoker.invokeMethod(TestInvoker.java:686) ~[testng-7.10.2.jar:7.10.2]
	at org.testng.internal.invokers.TestInvoker.retryFailed(TestInvoker.java:269) ~[testng-7.10.2.jar:7.10.2]
	at org.testng.internal.invokers.MethodRunner.runInSequence(MethodRunner.java:76) ~[testng-7.10.2.jar:7.10.2]
	at org.testng.internal.invokers.TestInvoker$MethodInvocationAgent.invoke(TestInvoker.java:992) ~[testng-7.10.2.jar:7.10.2]
	at org.testng.internal.invokers.TestInvoker.invokeTestMethods(TestInvoker.java:203) ~[testng-7.10.2.jar:7.10.2]
	at org.testng.internal.invokers.TestMethodWorker.invokeTestMethods(TestMethodWorker.java:154) ~[testng-7.10.2.jar:7.10.2]
	at org.testng.internal.invokers.TestMethodWorker.run(TestMethodWorker.java:134) ~[testng-7.10.2.jar:7.10.2]
	at java.base/java.util.ArrayList.forEach(ArrayList.java:1596) [?:?]
	at org.testng.TestRunner.privateRun(TestRunner.java:739) [testng-7.10.2.jar:7.10.2]
	at org.testng.TestRunner.run(TestRunner.java:614) [testng-7.10.2.jar:7.10.2]
	at org.testng.SuiteRunner.runTest(SuiteRunner.java:421) [testng-7.10.2.jar:7.10.2]
	at org.testng.SuiteRunner.runSequentially(SuiteRunner.java:413) [testng-7.10.2.jar:7.10.2]
	at org.testng.SuiteRunner.privateRun(SuiteRunner.java:373) [testng-7.10.2.jar:7.10.2]
	at org.testng.SuiteRunner.run(SuiteRunner.java:312) [testng-7.10.2.jar:7.10.2]
	at org.testng.SuiteRunnerWorker.runSuite(SuiteRunnerWorker.java:52) [testng-7.10.2.jar:7.10.2]
	at org.testng.SuiteRunnerWorker.run(SuiteRunnerWorker.java:95) [testng-7.10.2.jar:7.10.2]
	at org.testng.TestNG.runSuitesSequentially(TestNG.java:1274) [testng-7.10.2.jar:7.10.2]
	at org.testng.TestNG.runSuitesLocally(TestNG.java:1208) [testng-7.10.2.jar:7.10.2]
	at org.testng.TestNG.runSuites(TestNG.java:1112) [testng-7.10.2.jar:7.10.2]
	at org.testng.TestNG.run(TestNG.java:1079) [testng-7.10.2.jar:7.10.2]
	at org.apache.maven.surefire.testng.TestNGExecutor.run(TestNGExecutor.java:308) [surefire-testng-3.5.2.jar:3.5.2]
	at org.apache.maven.surefire.testng.TestNGXmlTestSuite.execute(TestNGXmlTestSuite.java:71) [surefire-testng-3.5.2.jar:3.5.2]
	at org.apache.maven.surefire.testng.TestNGProvider.invoke(TestNGProvider.java:113) [surefire-testng-3.5.2.jar:3.5.2]
	at org.apache.maven.surefire.booter.ForkedBooter.runSuitesInProcess(ForkedBooter.java:385) [surefire-booter-3.5.2.jar:3.5.2]
	at org.apache.maven.surefire.booter.ForkedBooter.execute(ForkedBooter.java:162) [surefire-booter-3.5.2.jar:3.5.2]
	at org.apache.maven.surefire.booter.ForkedBooter.run(ForkedBooter.java:507) [surefire-booter-3.5.2.jar:3.5.2]
	at org.apache.maven.surefire.booter.ForkedBooter.main(ForkedBooter.java:495) [surefire-booter-3.5.2.jar:3.5.2]
2026-06-04 11:22:56.343 [main] INFO  com.krce.amazon.utilities.ScreenshotUtil - Screenshot saved: output/screenshots/AfterTest__20260604_112255.png
2026-06-04 11:23:00.991 [main] INFO  com.krce.amazon.base.BaseTest - WebDriver quit successfully
2026-06-04 11:23:00.996 [main] INFO  com.krce.amazon.base.BaseTest - Initializing browser: chrome, headless: false
2026-06-04 11:23:03.247 [main] INFO  com.krce.amazon.base.BaseTest - WebDriver initialized for browser: chrome
2026-06-04 11:23:03.277 [main] INFO  com.krce.amazon.tests.AmazonProductSearchTest - Starting test for keyword: Books
2026-06-04 11:23:05.207 [main] INFO  com.krce.amazon.pages.HomePage - Navigated to Amazon URL: https://www.amazon.in
2026-06-04 11:23:20.608 [main] INFO  com.krce.amazon.utilities.ScreenshotUtil - Screenshot saved: output/screenshots/Failure_Books_20260604_112319.png
2026-06-04 11:23:20.611 [main] ERROR com.krce.amazon.tests.AmazonProductSearchTest - Test failed for keyword: Books
org.openqa.selenium.NoSuchElementException: Cannot locate option with text: Toys
For documentation on this error, please visit: https://www.selenium.dev/documentation/webdriver/troubleshooting/errors#no-such-element-exception
Build info: version: '4.27.0', revision: 'd6e718d134'
System info: os.name: 'Windows 11', os.arch: 'amd64', os.version: '10.0', java.version: '21.0.10'
Driver info: driver.version: unknown
	at org.openqa.selenium.support.ui.Select.selectByVisibleText(Select.java:167) ~[selenium-support-4.27.0.jar:?]
	at com.krce.amazon.pages.HomePage.selectCategory(HomePage.java:39) ~[classes/:?]
	at com.krce.amazon.pages.HomePage.searchProduct(HomePage.java:57) ~[classes/:?]
	at com.krce.amazon.tests.AmazonProductSearchTest.testAmazonProductSearch(AmazonProductSearchTest.java:74) ~[test-classes/:?]
	at java.base/jdk.internal.reflect.DirectMethodHandleAccessor.invoke(DirectMethodHandleAccessor.java:103) ~[?:?]
	at java.base/java.lang.reflect.Method.invoke(Method.java:580) ~[?:?]
	at org.testng.internal.invokers.MethodInvocationHelper.invokeMethod(MethodInvocationHelper.java:141) ~[testng-7.10.2.jar:7.10.2]
	at org.testng.internal.invokers.TestInvoker.invokeMethod(TestInvoker.java:686) ~[testng-7.10.2.jar:7.10.2]
	at org.testng.internal.invokers.TestInvoker.invokeTestMethod(TestInvoker.java:230) ~[testng-7.10.2.jar:7.10.2]
	at org.testng.internal.invokers.MethodRunner.runInSequence(MethodRunner.java:63) ~[testng-7.10.2.jar:7.10.2]
	at org.testng.internal.invokers.TestInvoker$MethodInvocationAgent.invoke(TestInvoker.java:992) ~[testng-7.10.2.jar:7.10.2]
	at org.testng.internal.invokers.TestInvoker.invokeTestMethods(TestInvoker.java:203) ~[testng-7.10.2.jar:7.10.2]
	at org.testng.internal.invokers.TestMethodWorker.invokeTestMethods(TestMethodWorker.java:154) ~[testng-7.10.2.jar:7.10.2]
	at org.testng.internal.invokers.TestMethodWorker.run(TestMethodWorker.java:134) ~[testng-7.10.2.jar:7.10.2]
	at java.base/java.util.ArrayList.forEach(ArrayList.java:1596) [?:?]
	at org.testng.TestRunner.privateRun(TestRunner.java:739) [testng-7.10.2.jar:7.10.2]
	at org.testng.TestRunner.run(TestRunner.java:614) [testng-7.10.2.jar:7.10.2]
	at org.testng.SuiteRunner.runTest(SuiteRunner.java:421) [testng-7.10.2.jar:7.10.2]
	at org.testng.SuiteRunner.runSequentially(SuiteRunner.java:413) [testng-7.10.2.jar:7.10.2]
	at org.testng.SuiteRunner.privateRun(SuiteRunner.java:373) [testng-7.10.2.jar:7.10.2]
	at org.testng.SuiteRunner.run(SuiteRunner.java:312) [testng-7.10.2.jar:7.10.2]
	at org.testng.SuiteRunnerWorker.runSuite(SuiteRunnerWorker.java:52) [testng-7.10.2.jar:7.10.2]
	at org.testng.SuiteRunnerWorker.run(SuiteRunnerWorker.java:95) [testng-7.10.2.jar:7.10.2]
	at org.testng.TestNG.runSuitesSequentially(TestNG.java:1274) [testng-7.10.2.jar:7.10.2]
	at org.testng.TestNG.runSuitesLocally(TestNG.java:1208) [testng-7.10.2.jar:7.10.2]
	at org.testng.TestNG.runSuites(TestNG.java:1112) [testng-7.10.2.jar:7.10.2]
	at org.testng.TestNG.run(TestNG.java:1079) [testng-7.10.2.jar:7.10.2]
	at org.apache.maven.surefire.testng.TestNGExecutor.run(TestNGExecutor.java:308) [surefire-testng-3.5.2.jar:3.5.2]
	at org.apache.maven.surefire.testng.TestNGXmlTestSuite.execute(TestNGXmlTestSuite.java:71) [surefire-testng-3.5.2.jar:3.5.2]
	at org.apache.maven.surefire.testng.TestNGProvider.invoke(TestNGProvider.java:113) [surefire-testng-3.5.2.jar:3.5.2]
	at org.apache.maven.surefire.booter.ForkedBooter.runSuitesInProcess(ForkedBooter.java:385) [surefire-booter-3.5.2.jar:3.5.2]
	at org.apache.maven.surefire.booter.ForkedBooter.execute(ForkedBooter.java:162) [surefire-booter-3.5.2.jar:3.5.2]
	at org.apache.maven.surefire.booter.ForkedBooter.run(ForkedBooter.java:507) [surefire-booter-3.5.2.jar:3.5.2]
	at org.apache.maven.surefire.booter.ForkedBooter.main(ForkedBooter.java:495) [surefire-booter-3.5.2.jar:3.5.2]
2026-06-04 11:23:20.619 [main] INFO  com.krce.amazon.utilities.RetryAnalyzer - Retrying test 'testAmazonProductSearch' - attempt 1/2
2026-06-04 11:23:21.733 [main] INFO  com.krce.amazon.utilities.ScreenshotUtil - Screenshot saved: output/screenshots/AfterTest__20260604_112320.png
2026-06-04 11:23:22.928 [main] INFO  com.krce.amazon.base.BaseTest - WebDriver quit successfully
2026-06-04 11:23:22.936 [main] INFO  com.krce.amazon.base.BaseTest - Initializing browser: chrome, headless: false
2026-06-04 11:23:26.834 [main] INFO  com.krce.amazon.base.BaseTest - WebDriver initialized for browser: chrome
2026-06-04 11:23:26.844 [main] INFO  com.krce.amazon.tests.AmazonProductSearchTest - Starting test for keyword: Books
2026-06-04 11:23:31.278 [main] INFO  com.krce.amazon.pages.HomePage - Navigated to Amazon URL: https://www.amazon.in
2026-06-04 11:23:55.574 [main] INFO  com.krce.amazon.utilities.ScreenshotUtil - Screenshot saved: output/screenshots/Failure_Books_20260604_112352.png
2026-06-04 11:23:55.633 [main] ERROR com.krce.amazon.tests.AmazonProductSearchTest - Test failed for keyword: Books
org.openqa.selenium.NoSuchElementException: Cannot locate option with text: Toys
For documentation on this error, please visit: https://www.selenium.dev/documentation/webdriver/troubleshooting/errors#no-such-element-exception
Build info: version: '4.27.0', revision: 'd6e718d134'
System info: os.name: 'Windows 11', os.arch: 'amd64', os.version: '10.0', java.version: '21.0.10'
Driver info: driver.version: unknown
	at org.openqa.selenium.support.ui.Select.selectByVisibleText(Select.java:167) ~[selenium-support-4.27.0.jar:?]
	at com.krce.amazon.pages.HomePage.selectCategory(HomePage.java:39) ~[classes/:?]
	at com.krce.amazon.pages.HomePage.searchProduct(HomePage.java:57) ~[classes/:?]
	at com.krce.amazon.tests.AmazonProductSearchTest.testAmazonProductSearch(AmazonProductSearchTest.java:74) ~[test-classes/:?]
	at java.base/jdk.internal.reflect.DirectMethodHandleAccessor.invoke(DirectMethodHandleAccessor.java:103) ~[?:?]
	at java.base/java.lang.reflect.Method.invoke(Method.java:580) ~[?:?]
	at org.testng.internal.invokers.MethodInvocationHelper.invokeMethod(MethodInvocationHelper.java:141) ~[testng-7.10.2.jar:7.10.2]
	at org.testng.internal.invokers.TestInvoker.invokeMethod(TestInvoker.java:686) ~[testng-7.10.2.jar:7.10.2]
	at org.testng.internal.invokers.TestInvoker.retryFailed(TestInvoker.java:269) ~[testng-7.10.2.jar:7.10.2]
	at org.testng.internal.invokers.MethodRunner.runInSequence(MethodRunner.java:76) ~[testng-7.10.2.jar:7.10.2]
	at org.testng.internal.invokers.TestInvoker$MethodInvocationAgent.invoke(TestInvoker.java:992) ~[testng-7.10.2.jar:7.10.2]
	at org.testng.internal.invokers.TestInvoker.invokeTestMethods(TestInvoker.java:203) ~[testng-7.10.2.jar:7.10.2]
	at org.testng.internal.invokers.TestMethodWorker.invokeTestMethods(TestMethodWorker.java:154) ~[testng-7.10.2.jar:7.10.2]
	at org.testng.internal.invokers.TestMethodWorker.run(TestMethodWorker.java:134) ~[testng-7.10.2.jar:7.10.2]
	at java.base/java.util.ArrayList.forEach(ArrayList.java:1596) [?:?]
	at org.testng.TestRunner.privateRun(TestRunner.java:739) [testng-7.10.2.jar:7.10.2]
	at org.testng.TestRunner.run(TestRunner.java:614) [testng-7.10.2.jar:7.10.2]
	at org.testng.SuiteRunner.runTest(SuiteRunner.java:421) [testng-7.10.2.jar:7.10.2]
	at org.testng.SuiteRunner.runSequentially(SuiteRunner.java:413) [testng-7.10.2.jar:7.10.2]
	at org.testng.SuiteRunner.privateRun(SuiteRunner.java:373) [testng-7.10.2.jar:7.10.2]
	at org.testng.SuiteRunner.run(SuiteRunner.java:312) [testng-7.10.2.jar:7.10.2]
	at org.testng.SuiteRunnerWorker.runSuite(SuiteRunnerWorker.java:52) [testng-7.10.2.jar:7.10.2]
	at org.testng.SuiteRunnerWorker.run(SuiteRunnerWorker.java:95) [testng-7.10.2.jar:7.10.2]
	at org.testng.TestNG.runSuitesSequentially(TestNG.java:1274) [testng-7.10.2.jar:7.10.2]
	at org.testng.TestNG.runSuitesLocally(TestNG.java:1208) [testng-7.10.2.jar:7.10.2]
	at org.testng.TestNG.runSuites(TestNG.java:1112) [testng-7.10.2.jar:7.10.2]
	at org.testng.TestNG.run(TestNG.java:1079) [testng-7.10.2.jar:7.10.2]
	at org.apache.maven.surefire.testng.TestNGExecutor.run(TestNGExecutor.java:308) [surefire-testng-3.5.2.jar:3.5.2]
	at org.apache.maven.surefire.testng.TestNGXmlTestSuite.execute(TestNGXmlTestSuite.java:71) [surefire-testng-3.5.2.jar:3.5.2]
	at org.apache.maven.surefire.testng.TestNGProvider.invoke(TestNGProvider.java:113) [surefire-testng-3.5.2.jar:3.5.2]
	at org.apache.maven.surefire.booter.ForkedBooter.runSuitesInProcess(ForkedBooter.java:385) [surefire-booter-3.5.2.jar:3.5.2]
	at org.apache.maven.surefire.booter.ForkedBooter.execute(ForkedBooter.java:162) [surefire-booter-3.5.2.jar:3.5.2]
	at org.apache.maven.surefire.booter.ForkedBooter.run(ForkedBooter.java:507) [surefire-booter-3.5.2.jar:3.5.2]
	at org.apache.maven.surefire.booter.ForkedBooter.main(ForkedBooter.java:495) [surefire-booter-3.5.2.jar:3.5.2]
2026-06-04 11:23:55.874 [main] INFO  com.krce.amazon.utilities.RetryAnalyzer - Retrying test 'testAmazonProductSearch' - attempt 2/2
2026-06-04 11:23:58.934 [main] INFO  com.krce.amazon.utilities.ScreenshotUtil - Screenshot saved: output/screenshots/AfterTest__20260604_112355.png
2026-06-04 11:24:30.747 [main] INFO  com.krce.amazon.base.BaseTest - WebDriver quit successfully
2026-06-04 11:24:30.936 [main] INFO  com.krce.amazon.base.BaseTest - Initializing browser: chrome, headless: false
2026-06-04 11:24:39.037 [main] INFO  com.krce.amazon.base.BaseTest - WebDriver initialized for browser: chrome
2026-06-04 11:24:39.064 [main] INFO  com.krce.amazon.tests.AmazonProductSearchTest - Starting test for keyword: Books
2026-06-04 11:24:40.820 [main] INFO  com.krce.amazon.pages.HomePage - Navigated to Amazon URL: https://www.amazon.in
2026-06-04 11:25:09.476 [main] INFO  com.krce.amazon.utilities.ScreenshotUtil - Screenshot saved: output/screenshots/Failure_Books_20260604_112507.png
2026-06-04 11:25:09.514 [main] ERROR com.krce.amazon.tests.AmazonProductSearchTest - Test failed for keyword: Books
org.openqa.selenium.NoSuchElementException: Cannot locate option with text: Toys
For documentation on this error, please visit: https://www.selenium.dev/documentation/webdriver/troubleshooting/errors#no-such-element-exception
Build info: version: '4.27.0', revision: 'd6e718d134'
System info: os.name: 'Windows 11', os.arch: 'amd64', os.version: '10.0', java.version: '21.0.10'
Driver info: driver.version: unknown
	at org.openqa.selenium.support.ui.Select.selectByVisibleText(Select.java:167) ~[selenium-support-4.27.0.jar:?]
	at com.krce.amazon.pages.HomePage.selectCategory(HomePage.java:39) ~[classes/:?]
	at com.krce.amazon.pages.HomePage.searchProduct(HomePage.java:57) ~[classes/:?]
	at com.krce.amazon.tests.AmazonProductSearchTest.testAmazonProductSearch(AmazonProductSearchTest.java:74) ~[test-classes/:?]
	at java.base/jdk.internal.reflect.DirectMethodHandleAccessor.invoke(DirectMethodHandleAccessor.java:103) ~[?:?]
	at java.base/java.lang.reflect.Method.invoke(Method.java:580) ~[?:?]
	at org.testng.internal.invokers.MethodInvocationHelper.invokeMethod(MethodInvocationHelper.java:141) ~[testng-7.10.2.jar:7.10.2]
	at org.testng.internal.invokers.TestInvoker.invokeMethod(TestInvoker.java:686) ~[testng-7.10.2.jar:7.10.2]
	at org.testng.internal.invokers.TestInvoker.retryFailed(TestInvoker.java:269) ~[testng-7.10.2.jar:7.10.2]
	at org.testng.internal.invokers.MethodRunner.runInSequence(MethodRunner.java:76) ~[testng-7.10.2.jar:7.10.2]
	at org.testng.internal.invokers.TestInvoker$MethodInvocationAgent.invoke(TestInvoker.java:992) ~[testng-7.10.2.jar:7.10.2]
	at org.testng.internal.invokers.TestInvoker.invokeTestMethods(TestInvoker.java:203) ~[testng-7.10.2.jar:7.10.2]
	at org.testng.internal.invokers.TestMethodWorker.invokeTestMethods(TestMethodWorker.java:154) ~[testng-7.10.2.jar:7.10.2]
	at org.testng.internal.invokers.TestMethodWorker.run(TestMethodWorker.java:134) ~[testng-7.10.2.jar:7.10.2]
	at java.base/java.util.ArrayList.forEach(ArrayList.java:1596) [?:?]
	at org.testng.TestRunner.privateRun(TestRunner.java:739) [testng-7.10.2.jar:7.10.2]
	at org.testng.TestRunner.run(TestRunner.java:614) [testng-7.10.2.jar:7.10.2]
	at org.testng.SuiteRunner.runTest(SuiteRunner.java:421) [testng-7.10.2.jar:7.10.2]
	at org.testng.SuiteRunner.runSequentially(SuiteRunner.java:413) [testng-7.10.2.jar:7.10.2]
	at org.testng.SuiteRunner.privateRun(SuiteRunner.java:373) [testng-7.10.2.jar:7.10.2]
	at org.testng.SuiteRunner.run(SuiteRunner.java:312) [testng-7.10.2.jar:7.10.2]
	at org.testng.SuiteRunnerWorker.runSuite(SuiteRunnerWorker.java:52) [testng-7.10.2.jar:7.10.2]
	at org.testng.SuiteRunnerWorker.run(SuiteRunnerWorker.java:95) [testng-7.10.2.jar:7.10.2]
	at org.testng.TestNG.runSuitesSequentially(TestNG.java:1274) [testng-7.10.2.jar:7.10.2]
	at org.testng.TestNG.runSuitesLocally(TestNG.java:1208) [testng-7.10.2.jar:7.10.2]
	at org.testng.TestNG.runSuites(TestNG.java:1112) [testng-7.10.2.jar:7.10.2]
	at org.testng.TestNG.run(TestNG.java:1079) [testng-7.10.2.jar:7.10.2]
	at org.apache.maven.surefire.testng.TestNGExecutor.run(TestNGExecutor.java:308) [surefire-testng-3.5.2.jar:3.5.2]
	at org.apache.maven.surefire.testng.TestNGXmlTestSuite.execute(TestNGXmlTestSuite.java:71) [surefire-testng-3.5.2.jar:3.5.2]
	at org.apache.maven.surefire.testng.TestNGProvider.invoke(TestNGProvider.java:113) [surefire-testng-3.5.2.jar:3.5.2]
	at org.apache.maven.surefire.booter.ForkedBooter.runSuitesInProcess(ForkedBooter.java:385) [surefire-booter-3.5.2.jar:3.5.2]
	at org.apache.maven.surefire.booter.ForkedBooter.execute(ForkedBooter.java:162) [surefire-booter-3.5.2.jar:3.5.2]
	at org.apache.maven.surefire.booter.ForkedBooter.run(ForkedBooter.java:507) [surefire-booter-3.5.2.jar:3.5.2]
	at org.apache.maven.surefire.booter.ForkedBooter.main(ForkedBooter.java:495) [surefire-booter-3.5.2.jar:3.5.2]
2026-06-04 11:25:11.426 [main] INFO  com.krce.amazon.utilities.ScreenshotUtil - Screenshot saved: output/screenshots/AfterTest__20260604_112509.png
2026-06-04 11:25:43.010 [main] INFO  com.krce.amazon.base.BaseTest - WebDriver quit successfully
2026-06-04 11:25:43.108 [main] INFO  com.krce.amazon.base.BaseTest - Initializing browser: chrome, headless: false
2026-06-04 11:25:51.020 [main] INFO  com.krce.amazon.base.BaseTest - WebDriver initialized for browser: chrome
2026-06-04 11:25:51.251 [main] INFO  com.krce.amazon.tests.AmazonProductSearchTest - Starting test for keyword: Electronics
2026-06-04 11:25:55.028 [main] INFO  com.krce.amazon.pages.HomePage - Navigated to Amazon URL: https://www.amazon.in
2026-06-04 11:26:44.601 [main] INFO  com.krce.amazon.utilities.ScreenshotUtil - Screenshot saved: output/screenshots/Failure_Electronics_20260604_112641.png
2026-06-04 11:26:44.670 [main] ERROR com.krce.amazon.tests.AmazonProductSearchTest - Test failed for keyword: Electronics
org.openqa.selenium.NoSuchElementException: Cannot locate option with text: Toys
For documentation on this error, please visit: https://www.selenium.dev/documentation/webdriver/troubleshooting/errors#no-such-element-exception
Build info: version: '4.27.0', revision: 'd6e718d134'
System info: os.name: 'Windows 11', os.arch: 'amd64', os.version: '10.0', java.version: '21.0.10'
Driver info: driver.version: unknown
	at org.openqa.selenium.support.ui.Select.selectByVisibleText(Select.java:167) ~[selenium-support-4.27.0.jar:?]
	at com.krce.amazon.pages.HomePage.selectCategory(HomePage.java:39) ~[classes/:?]
	at com.krce.amazon.pages.HomePage.searchProduct(HomePage.java:57) ~[classes/:?]
	at com.krce.amazon.tests.AmazonProductSearchTest.testAmazonProductSearch(AmazonProductSearchTest.java:74) ~[test-classes/:?]
	at java.base/jdk.internal.reflect.DirectMethodHandleAccessor.invoke(DirectMethodHandleAccessor.java:103) ~[?:?]
	at java.base/java.lang.reflect.Method.invoke(Method.java:580) ~[?:?]
	at org.testng.internal.invokers.MethodInvocationHelper.invokeMethod(MethodInvocationHelper.java:141) ~[testng-7.10.2.jar:7.10.2]
	at org.testng.internal.invokers.TestInvoker.invokeMethod(TestInvoker.java:686) ~[testng-7.10.2.jar:7.10.2]
	at org.testng.internal.invokers.TestInvoker.invokeTestMethod(TestInvoker.java:230) ~[testng-7.10.2.jar:7.10.2]
	at org.testng.internal.invokers.MethodRunner.runInSequence(MethodRunner.java:63) ~[testng-7.10.2.jar:7.10.2]
	at org.testng.internal.invokers.TestInvoker$MethodInvocationAgent.invoke(TestInvoker.java:992) ~[testng-7.10.2.jar:7.10.2]
	at org.testng.internal.invokers.TestInvoker.invokeTestMethods(TestInvoker.java:203) ~[testng-7.10.2.jar:7.10.2]
	at org.testng.internal.invokers.TestMethodWorker.invokeTestMethods(TestMethodWorker.java:154) ~[testng-7.10.2.jar:7.10.2]
	at org.testng.internal.invokers.TestMethodWorker.run(TestMethodWorker.java:134) ~[testng-7.10.2.jar:7.10.2]
	at java.base/java.util.ArrayList.forEach(ArrayList.java:1596) [?:?]
	at org.testng.TestRunner.privateRun(TestRunner.java:739) [testng-7.10.2.jar:7.10.2]
	at org.testng.TestRunner.run(TestRunner.java:614) [testng-7.10.2.jar:7.10.2]
	at org.testng.SuiteRunner.runTest(SuiteRunner.java:421) [testng-7.10.2.jar:7.10.2]
	at org.testng.SuiteRunner.runSequentially(SuiteRunner.java:413) [testng-7.10.2.jar:7.10.2]
	at org.testng.SuiteRunner.privateRun(SuiteRunner.java:373) [testng-7.10.2.jar:7.10.2]
	at org.testng.SuiteRunner.run(SuiteRunner.java:312) [testng-7.10.2.jar:7.10.2]
	at org.testng.SuiteRunnerWorker.runSuite(SuiteRunnerWorker.java:52) [testng-7.10.2.jar:7.10.2]
	at org.testng.SuiteRunnerWorker.run(SuiteRunnerWorker.java:95) [testng-7.10.2.jar:7.10.2]
	at org.testng.TestNG.runSuitesSequentially(TestNG.java:1274) [testng-7.10.2.jar:7.10.2]
	at org.testng.TestNG.runSuitesLocally(TestNG.java:1208) [testng-7.10.2.jar:7.10.2]
	at org.testng.TestNG.runSuites(TestNG.java:1112) [testng-7.10.2.jar:7.10.2]
	at org.testng.TestNG.run(TestNG.java:1079) [testng-7.10.2.jar:7.10.2]
	at org.apache.maven.surefire.testng.TestNGExecutor.run(TestNGExecutor.java:308) [surefire-testng-3.5.2.jar:3.5.2]
	at org.apache.maven.surefire.testng.TestNGXmlTestSuite.execute(TestNGXmlTestSuite.java:71) [surefire-testng-3.5.2.jar:3.5.2]
	at org.apache.maven.surefire.testng.TestNGProvider.invoke(TestNGProvider.java:113) [surefire-testng-3.5.2.jar:3.5.2]
	at org.apache.maven.surefire.booter.ForkedBooter.runSuitesInProcess(ForkedBooter.java:385) [surefire-booter-3.5.2.jar:3.5.2]
	at org.apache.maven.surefire.booter.ForkedBooter.execute(ForkedBooter.java:162) [surefire-booter-3.5.2.jar:3.5.2]
	at org.apache.maven.surefire.booter.ForkedBooter.run(ForkedBooter.java:507) [surefire-booter-3.5.2.jar:3.5.2]
	at org.apache.maven.surefire.booter.ForkedBooter.main(ForkedBooter.java:495) [surefire-booter-3.5.2.jar:3.5.2]
2026-06-04 11:26:44.784 [main] INFO  com.krce.amazon.utilities.RetryAnalyzer - Retrying test 'testAmazonProductSearch' - attempt 1/2
2026-06-04 11:26:50.335 [main] INFO  com.krce.amazon.utilities.ScreenshotUtil - Screenshot saved: output/screenshots/AfterTest__20260604_112644.png
2026-06-04 11:27:22.633 [main] INFO  com.krce.amazon.base.BaseTest - WebDriver quit successfully
2026-06-04 11:27:23.198 [main] INFO  com.krce.amazon.base.BaseTest - Initializing browser: chrome, headless: false
2026-06-04 11:27:31.401 [main] INFO  com.krce.amazon.base.BaseTest - WebDriver initialized for browser: chrome
2026-06-04 11:27:31.448 [main] INFO  com.krce.amazon.tests.AmazonProductSearchTest - Starting test for keyword: Electronics
2026-06-04 11:27:37.680 [main] INFO  com.krce.amazon.pages.HomePage - Navigated to Amazon URL: https://www.amazon.in
2026-06-04 11:27:58.090 [main] INFO  com.krce.amazon.utilities.ScreenshotUtil - Screenshot saved: output/screenshots/Failure_Electronics_20260604_112756.png
2026-06-04 11:27:58.142 [main] ERROR com.krce.amazon.tests.AmazonProductSearchTest - Test failed for keyword: Electronics
org.openqa.selenium.NoSuchElementException: Cannot locate option with text: Toys
For documentation on this error, please visit: https://www.selenium.dev/documentation/webdriver/troubleshooting/errors#no-such-element-exception
Build info: version: '4.27.0', revision: 'd6e718d134'
System info: os.name: 'Windows 11', os.arch: 'amd64', os.version: '10.0', java.version: '21.0.10'
Driver info: driver.version: unknown
	at org.openqa.selenium.support.ui.Select.selectByVisibleText(Select.java:167) ~[selenium-support-4.27.0.jar:?]
	at com.krce.amazon.pages.HomePage.selectCategory(HomePage.java:39) ~[classes/:?]
	at com.krce.amazon.pages.HomePage.searchProduct(HomePage.java:57) ~[classes/:?]
	at com.krce.amazon.tests.AmazonProductSearchTest.testAmazonProductSearch(AmazonProductSearchTest.java:74) ~[test-classes/:?]
	at java.base/jdk.internal.reflect.DirectMethodHandleAccessor.invoke(DirectMethodHandleAccessor.java:103) ~[?:?]
	at java.base/java.lang.reflect.Method.invoke(Method.java:580) ~[?:?]
	at org.testng.internal.invokers.MethodInvocationHelper.invokeMethod(MethodInvocationHelper.java:141) ~[testng-7.10.2.jar:7.10.2]
	at org.testng.internal.invokers.TestInvoker.invokeMethod(TestInvoker.java:686) ~[testng-7.10.2.jar:7.10.2]
	at org.testng.internal.invokers.TestInvoker.retryFailed(TestInvoker.java:269) ~[testng-7.10.2.jar:7.10.2]
	at org.testng.internal.invokers.MethodRunner.runInSequence(MethodRunner.java:76) ~[testng-7.10.2.jar:7.10.2]
	at org.testng.internal.invokers.TestInvoker$MethodInvocationAgent.invoke(TestInvoker.java:992) ~[testng-7.10.2.jar:7.10.2]
	at org.testng.internal.invokers.TestInvoker.invokeTestMethods(TestInvoker.java:203) ~[testng-7.10.2.jar:7.10.2]
	at org.testng.internal.invokers.TestMethodWorker.invokeTestMethods(TestMethodWorker.java:154) ~[testng-7.10.2.jar:7.10.2]
	at org.testng.internal.invokers.TestMethodWorker.run(TestMethodWorker.java:134) ~[testng-7.10.2.jar:7.10.2]
	at java.base/java.util.ArrayList.forEach(ArrayList.java:1596) [?:?]
	at org.testng.TestRunner.privateRun(TestRunner.java:739) [testng-7.10.2.jar:7.10.2]
	at org.testng.TestRunner.run(TestRunner.java:614) [testng-7.10.2.jar:7.10.2]
	at org.testng.SuiteRunner.runTest(SuiteRunner.java:421) [testng-7.10.2.jar:7.10.2]
	at org.testng.SuiteRunner.runSequentially(SuiteRunner.java:413) [testng-7.10.2.jar:7.10.2]
	at org.testng.SuiteRunner.privateRun(SuiteRunner.java:373) [testng-7.10.2.jar:7.10.2]
	at org.testng.SuiteRunner.run(SuiteRunner.java:312) [testng-7.10.2.jar:7.10.2]
	at org.testng.SuiteRunnerWorker.runSuite(SuiteRunnerWorker.java:52) [testng-7.10.2.jar:7.10.2]
	at org.testng.SuiteRunnerWorker.run(SuiteRunnerWorker.java:95) [testng-7.10.2.jar:7.10.2]
	at org.testng.TestNG.runSuitesSequentially(TestNG.java:1274) [testng-7.10.2.jar:7.10.2]
	at org.testng.TestNG.runSuitesLocally(TestNG.java:1208) [testng-7.10.2.jar:7.10.2]
	at org.testng.TestNG.runSuites(TestNG.java:1112) [testng-7.10.2.jar:7.10.2]
	at org.testng.TestNG.run(TestNG.java:1079) [testng-7.10.2.jar:7.10.2]
	at org.apache.maven.surefire.testng.TestNGExecutor.run(TestNGExecutor.java:308) [surefire-testng-3.5.2.jar:3.5.2]
	at org.apache.maven.surefire.testng.TestNGXmlTestSuite.execute(TestNGXmlTestSuite.java:71) [surefire-testng-3.5.2.jar:3.5.2]
	at org.apache.maven.surefire.testng.TestNGProvider.invoke(TestNGProvider.java:113) [surefire-testng-3.5.2.jar:3.5.2]
	at org.apache.maven.surefire.booter.ForkedBooter.runSuitesInProcess(ForkedBooter.java:385) [surefire-booter-3.5.2.jar:3.5.2]
	at org.apache.maven.surefire.booter.ForkedBooter.execute(ForkedBooter.java:162) [surefire-booter-3.5.2.jar:3.5.2]
	at org.apache.maven.surefire.booter.ForkedBooter.run(ForkedBooter.java:507) [surefire-booter-3.5.2.jar:3.5.2]
	at org.apache.maven.surefire.booter.ForkedBooter.main(ForkedBooter.java:495) [surefire-booter-3.5.2.jar:3.5.2]
2026-06-04 11:27:58.208 [main] INFO  com.krce.amazon.utilities.RetryAnalyzer - Retrying test 'testAmazonProductSearch' - attempt 2/2
2026-06-04 11:27:59.615 [main] INFO  com.krce.amazon.utilities.ScreenshotUtil - Screenshot saved: output/screenshots/AfterTest__20260604_112758.png
2026-06-04 11:28:02.155 [main] INFO  com.krce.amazon.base.BaseTest - WebDriver quit successfully
2026-06-04 11:28:02.161 [main] INFO  com.krce.amazon.base.BaseTest - Initializing browser: chrome, headless: false
2026-06-04 11:28:04.924 [main] INFO  com.krce.amazon.base.BaseTest - WebDriver initialized for browser: chrome
2026-06-04 11:28:04.937 [main] INFO  com.krce.amazon.tests.AmazonProductSearchTest - Starting test for keyword: Electronics
2026-06-04 11:28:12.273 [main] INFO  com.krce.amazon.pages.HomePage - Navigated to Amazon URL: https://www.amazon.in
2026-06-04 11:28:40.247 [main] INFO  com.krce.amazon.utilities.ScreenshotUtil - Screenshot saved: output/screenshots/Failure_Electronics_20260604_112839.png
2026-06-04 11:28:40.250 [main] ERROR com.krce.amazon.tests.AmazonProductSearchTest - Test failed for keyword: Electronics
org.openqa.selenium.NoSuchElementException: Cannot locate option with text: Toys
For documentation on this error, please visit: https://www.selenium.dev/documentation/webdriver/troubleshooting/errors#no-such-element-exception
Build info: version: '4.27.0', revision: 'd6e718d134'
System info: os.name: 'Windows 11', os.arch: 'amd64', os.version: '10.0', java.version: '21.0.10'
Driver info: driver.version: unknown
	at org.openqa.selenium.support.ui.Select.selectByVisibleText(Select.java:167) ~[selenium-support-4.27.0.jar:?]
	at com.krce.amazon.pages.HomePage.selectCategory(HomePage.java:39) ~[classes/:?]
	at com.krce.amazon.pages.HomePage.searchProduct(HomePage.java:57) ~[classes/:?]
	at com.krce.amazon.tests.AmazonProductSearchTest.testAmazonProductSearch(AmazonProductSearchTest.java:74) ~[test-classes/:?]
	at java.base/jdk.internal.reflect.DirectMethodHandleAccessor.invoke(DirectMethodHandleAccessor.java:103) ~[?:?]
	at java.base/java.lang.reflect.Method.invoke(Method.java:580) ~[?:?]
	at org.testng.internal.invokers.MethodInvocationHelper.invokeMethod(MethodInvocationHelper.java:141) ~[testng-7.10.2.jar:7.10.2]
	at org.testng.internal.invokers.TestInvoker.invokeMethod(TestInvoker.java:686) ~[testng-7.10.2.jar:7.10.2]
	at org.testng.internal.invokers.TestInvoker.retryFailed(TestInvoker.java:269) ~[testng-7.10.2.jar:7.10.2]
	at org.testng.internal.invokers.MethodRunner.runInSequence(MethodRunner.java:76) ~[testng-7.10.2.jar:7.10.2]
	at org.testng.internal.invokers.TestInvoker$MethodInvocationAgent.invoke(TestInvoker.java:992) ~[testng-7.10.2.jar:7.10.2]
	at org.testng.internal.invokers.TestInvoker.invokeTestMethods(TestInvoker.java:203) ~[testng-7.10.2.jar:7.10.2]
	at org.testng.internal.invokers.TestMethodWorker.invokeTestMethods(TestMethodWorker.java:154) ~[testng-7.10.2.jar:7.10.2]
	at org.testng.internal.invokers.TestMethodWorker.run(TestMethodWorker.java:134) ~[testng-7.10.2.jar:7.10.2]
	at java.base/java.util.ArrayList.forEach(ArrayList.java:1596) [?:?]
	at org.testng.TestRunner.privateRun(TestRunner.java:739) [testng-7.10.2.jar:7.10.2]
	at org.testng.TestRunner.run(TestRunner.java:614) [testng-7.10.2.jar:7.10.2]
	at org.testng.SuiteRunner.runTest(SuiteRunner.java:421) [testng-7.10.2.jar:7.10.2]
	at org.testng.SuiteRunner.runSequentially(SuiteRunner.java:413) [testng-7.10.2.jar:7.10.2]
	at org.testng.SuiteRunner.privateRun(SuiteRunner.java:373) [testng-7.10.2.jar:7.10.2]
	at org.testng.SuiteRunner.run(SuiteRunner.java:312) [testng-7.10.2.jar:7.10.2]
	at org.testng.SuiteRunnerWorker.runSuite(SuiteRunnerWorker.java:52) [testng-7.10.2.jar:7.10.2]
	at org.testng.SuiteRunnerWorker.run(SuiteRunnerWorker.java:95) [testng-7.10.2.jar:7.10.2]
	at org.testng.TestNG.runSuitesSequentially(TestNG.java:1274) [testng-7.10.2.jar:7.10.2]
	at org.testng.TestNG.runSuitesLocally(TestNG.java:1208) [testng-7.10.2.jar:7.10.2]
	at org.testng.TestNG.runSuites(TestNG.java:1112) [testng-7.10.2.jar:7.10.2]
	at org.testng.TestNG.run(TestNG.java:1079) [testng-7.10.2.jar:7.10.2]
	at org.apache.maven.surefire.testng.TestNGExecutor.run(TestNGExecutor.java:308) [surefire-testng-3.5.2.jar:3.5.2]
	at org.apache.maven.surefire.testng.TestNGXmlTestSuite.execute(TestNGXmlTestSuite.java:71) [surefire-testng-3.5.2.jar:3.5.2]
	at org.apache.maven.surefire.testng.TestNGProvider.invoke(TestNGProvider.java:113) [surefire-testng-3.5.2.jar:3.5.2]
	at org.apache.maven.surefire.booter.ForkedBooter.runSuitesInProcess(ForkedBooter.java:385) [surefire-booter-3.5.2.jar:3.5.2]
	at org.apache.maven.surefire.booter.ForkedBooter.execute(ForkedBooter.java:162) [surefire-booter-3.5.2.jar:3.5.2]
	at org.apache.maven.surefire.booter.ForkedBooter.run(ForkedBooter.java:507) [surefire-booter-3.5.2.jar:3.5.2]
	at org.apache.maven.surefire.booter.ForkedBooter.main(ForkedBooter.java:495) [surefire-booter-3.5.2.jar:3.5.2]
2026-06-04 11:28:40.714 [main] INFO  com.krce.amazon.utilities.ScreenshotUtil - Screenshot saved: output/screenshots/AfterTest__20260604_112840.png
2026-06-04 11:28:41.417 [main] INFO  com.krce.amazon.base.BaseTest - WebDriver quit successfully
2026-06-04 11:28:41.422 [main] INFO  com.krce.amazon.base.BaseTest - Initializing browser: chrome, headless: false
2026-06-04 11:28:44.085 [main] INFO  com.krce.amazon.base.BaseTest - WebDriver initialized for browser: chrome
2026-06-04 11:28:44.088 [main] INFO  com.krce.amazon.tests.AmazonProductSearchTest - Starting test for keyword: Mobiles
2026-06-04 11:28:46.568 [main] INFO  com.krce.amazon.pages.HomePage - Navigated to Amazon URL: https://www.amazon.in
2026-06-04 11:28:56.827 [main] INFO  com.krce.amazon.utilities.RetryAnalyzer - Retrying test 'testAmazonProductSearch' - attempt 1/2
2026-06-04 11:28:56.865 [main] INFO  com.krce.amazon.tests.AmazonProductSearchTest - Starting test for keyword: Mobiles
2026-06-04 11:28:56.892 [main] INFO  com.krce.amazon.utilities.RetryAnalyzer - Retrying test 'testAmazonProductSearch' - attempt 2/2
2026-06-04 11:28:56.900 [main] INFO  com.krce.amazon.tests.AmazonProductSearchTest - Starting test for keyword: Mobiles
2026-06-04 11:50:08.519 [com.krce.amazon.utilities.DataGenerator.main()] INFO  com.krce.amazon.utilities.DataGenerator - Sample input Excel generated: src/main/resources/testdata/input.xlsx
2026-06-04 11:50:08.614 [com.krce.amazon.utilities.DataGenerator.main()] INFO  com.krce.amazon.utilities.DataGenerator - Sample input CSV generated: src/main/resources/testdata/input.csv
2026-06-04 12:00:19.377 [main] INFO  com.krce.amazon.config.ConfigReader - Configuration loaded from classpath: /config.properties
2026-06-04 12:00:20.234 [main] INFO  com.krce.amazon.utilities.ExtentReportManager - Extent Report initialized at: C:\Users\shree\IdeaProjects\Amazon\output\reports\AmazonTestReport_20260604_120019.html
2026-06-04 12:00:20.237 [main] INFO  com.krce.amazon.base.BaseTest - Test suite initialized. Screenshots: C:\Users\shree\IdeaProjects\Amazon\output\screenshots, Output: C:\Users\shree\IdeaProjects\Amazon\output\data\AmazonProductData.xlsx
2026-06-04 12:00:20.258 [main] INFO  com.krce.amazon.utilities.ExtentTestNGListener - Test suite started: Amazon Product Search Tests
2026-06-04 12:00:22.759 [main] INFO  com.krce.amazon.utilities.ExcelReader - Read 4 search keywords from Excel: C:\Users\shree\IdeaProjects\Amazon\src\main\resources\testdata\input.xlsx
2026-06-04 12:00:22.792 [main] INFO  com.krce.amazon.base.BaseTest - Initializing browser: chrome, headless: false
2026-06-04 12:00:31.038 [main] INFO  com.krce.amazon.base.BaseTest - WebDriver initialized for browser: chrome
2026-06-04 12:00:31.210 [main] INFO  com.krce.amazon.utilities.ExtentTestNGListener - Test started: testAmazonProductSearch
2026-06-04 12:00:31.256 [main] INFO  com.krce.amazon.tests.AmazonProductSearchTest - Starting test for keyword: toys
2026-06-04 12:00:36.582 [main] INFO  com.krce.amazon.pages.HomePage - Navigated to Amazon URL: https://www.amazon.in
2026-06-04 12:00:48.725 [main] INFO  com.krce.amazon.pages.HomePage - Selected category: Toys & Games
2026-06-04 12:00:51.019 [main] INFO  com.krce.amazon.pages.HomePage - Entered search keyword: toys
2026-06-04 12:00:52.429 [main] INFO  com.krce.amazon.pages.HomePage - Clicked search button
2026-06-04 12:01:06.135 [main] INFO  com.krce.amazon.utilities.ScreenshotUtil - Screenshot saved: C:\Users\shree\IdeaProjects\Amazon\output\screenshots\SearchResults_toys_20260604_120052.png
2026-06-04 12:01:06.491 [main] INFO  com.krce.amazon.pages.SearchResultsPage - Extracting product details from 33 results
2026-06-04 12:01:17.071 [main] WARN  com.krce.amazon.pages.SearchResultsPage - Product 1: Name not found
2026-06-04 12:01:37.589 [main] WARN  com.krce.amazon.pages.SearchResultsPage - Product 1: Reviews not found
2026-06-04 12:01:58.419 [main] WARN  com.krce.amazon.pages.SearchResultsPage - Product 2: Name not found
2026-06-04 12:02:08.960 [main] WARN  com.krce.amazon.pages.SearchResultsPage - Product 2: Reviews not found
2026-06-04 12:02:29.501 [main] WARN  com.krce.amazon.pages.SearchResultsPage - Product 3: Name not found
2026-06-04 12:02:49.876 [main] WARN  com.krce.amazon.pages.SearchResultsPage - Product 3: Reviews not found
2026-06-04 12:03:10.107 [main] WARN  com.krce.amazon.pages.SearchResultsPage - Product 4: Name not found
2026-06-04 12:03:30.346 [main] WARN  com.krce.amazon.pages.SearchResultsPage - Product 4: Reviews not found
2026-06-04 12:03:50.588 [main] WARN  com.krce.amazon.pages.SearchResultsPage - Product 5: Name not found
2026-06-04 12:04:10.927 [main] WARN  com.krce.amazon.pages.SearchResultsPage - Product 5: Reviews not found
2026-06-04 12:04:31.226 [main] WARN  com.krce.amazon.pages.SearchResultsPage - Product 6: Name not found
2026-06-04 12:04:51.516 [main] WARN  com.krce.amazon.pages.SearchResultsPage - Product 6: Reviews not found
2026-06-04 12:05:11.761 [main] WARN  com.krce.amazon.pages.SearchResultsPage - Product 7: Name not found
2026-06-04 12:05:32.058 [main] WARN  com.krce.amazon.pages.SearchResultsPage - Product 7: Reviews not found
2026-06-04 12:05:52.468 [main] WARN  com.krce.amazon.pages.SearchResultsPage - Product 8: Name not found
2026-06-04 12:06:12.781 [main] WARN  com.krce.amazon.pages.SearchResultsPage - Product 8: Reviews not found
2026-06-04 12:06:33.980 [main] WARN  com.krce.amazon.pages.SearchResultsPage - Product 9: Name not found
2026-06-04 12:06:54.240 [main] WARN  com.krce.amazon.pages.SearchResultsPage - Product 9: Reviews not found
2026-06-04 12:07:14.569 [main] WARN  com.krce.amazon.pages.SearchResultsPage - Product 10: Name not found
2026-06-04 12:07:34.970 [main] WARN  com.krce.amazon.pages.SearchResultsPage - Product 10: Reviews not found
2026-06-04 12:07:55.248 [main] WARN  com.krce.amazon.pages.SearchResultsPage - Product 11: Name not found
2026-06-04 12:08:15.409 [main] WARN  com.krce.amazon.pages.SearchResultsPage - Product 11: Reviews not found
2026-06-04 12:08:35.604 [main] WARN  com.krce.amazon.pages.SearchResultsPage - Product 12: Name not found
2026-06-04 12:08:55.772 [main] WARN  com.krce.amazon.pages.SearchResultsPage - Product 12: Reviews not found
2026-06-04 12:09:15.947 [main] WARN  com.krce.amazon.pages.SearchResultsPage - Product 13: Name not found
2026-06-04 12:09:36.161 [main] WARN  com.krce.amazon.pages.SearchResultsPage - Product 13: Reviews not found
2026-06-04 12:09:56.244 [main] WARN  com.krce.amazon.pages.SearchResultsPage - Product 14: Name not found
2026-06-04 12:10:16.496 [main] WARN  com.krce.amazon.pages.SearchResultsPage - Product 14: Reviews not found
2026-06-04 12:10:36.864 [main] WARN  com.krce.amazon.pages.SearchResultsPage - Product 15: Name not found
2026-06-04 12:10:57.399 [main] WARN  com.krce.amazon.pages.SearchResultsPage - Product 15: Reviews not found
2026-06-04 12:11:17.706 [main] WARN  com.krce.amazon.pages.SearchResultsPage - Product 16: Name not found
2026-06-04 12:11:38.074 [main] WARN  com.krce.amazon.pages.SearchResultsPage - Product 16: Reviews not found
2026-06-04 12:11:58.286 [main] WARN  com.krce.amazon.pages.SearchResultsPage - Product 17: Name not found
2026-06-04 12:12:18.584 [main] WARN  com.krce.amazon.pages.SearchResultsPage - Product 17: Reviews not found
2026-06-04 12:12:38.805 [main] WARN  com.krce.amazon.pages.SearchResultsPage - Product 18: Name not found
2026-06-04 12:12:59.103 [main] WARN  com.krce.amazon.pages.SearchResultsPage - Product 18: Reviews not found
2026-06-04 12:13:19.337 [main] WARN  com.krce.amazon.pages.SearchResultsPage - Product 19: Name not found
2026-06-04 12:13:39.680 [main] WARN  com.krce.amazon.pages.SearchResultsPage - Product 19: Reviews not found
2026-06-04 12:13:59.950 [main] WARN  com.krce.amazon.pages.SearchResultsPage - Product 20: Name not found
2026-06-04 12:14:20.340 [main] WARN  com.krce.amazon.pages.SearchResultsPage - Product 20: Reviews not found
2026-06-04 12:14:40.433 [main] WARN  com.krce.amazon.pages.SearchResultsPage - Product 21: Name not found
2026-06-04 12:15:00.777 [main] WARN  com.krce.amazon.pages.SearchResultsPage - Product 21: Reviews not found
2026-06-04 12:15:21.087 [main] WARN  com.krce.amazon.pages.SearchResultsPage - Product 22: Name not found
2026-06-04 12:15:41.455 [main] WARN  com.krce.amazon.pages.SearchResultsPage - Product 22: Reviews not found
2026-06-04 12:16:02.147 [main] WARN  com.krce.amazon.pages.SearchResultsPage - Product 23: Name not found
2026-06-04 12:16:13.720 [main] WARN  com.krce.amazon.pages.SearchResultsPage - Product 23: Reviews not found
2026-06-04 12:16:36.228 [main] INFO  com.krce.amazon.utilities.RetryAnalyzer - Retrying test 'testAmazonProductSearch' - attempt 1/2
2026-06-04 12:16:36.244 [main] WARN  com.krce.amazon.utilities.ExtentTestNGListener - Test skipped: testAmazonProductSearch
2026-06-04 12:16:36.541 [main] INFO  com.krce.amazon.utilities.ExtentTestNGListener - Test started: testAmazonProductSearch
2026-06-04 12:16:36.545 [main] INFO  com.krce.amazon.tests.AmazonProductSearchTest - Starting test for keyword: toys
2026-06-04 12:16:36.576 [main] INFO  com.krce.amazon.utilities.RetryAnalyzer - Retrying test 'testAmazonProductSearch' - attempt 2/2
2026-06-04 12:16:36.577 [main] WARN  com.krce.amazon.utilities.ExtentTestNGListener - Test skipped: testAmazonProductSearch
2026-06-04 12:16:36.588 [main] INFO  com.krce.amazon.utilities.ExtentTestNGListener - Test started: testAmazonProductSearch
2026-06-04 12:16:36.590 [main] INFO  com.krce.amazon.tests.AmazonProductSearchTest - Starting test for keyword: toys
2026-06-04 12:16:36.643 [main] ERROR com.krce.amazon.utilities.ExtentTestNGListener - Test failed: testAmazonProductSearch - org.openqa.selenium.NoSuchSessionException: invalid session id
Build info: version: '4.27.0', revision: 'd6e718d134'
System info: os.name: 'Windows 11', os.arch: 'amd64', os.version: '10.0', java.version: '21.0.10'
Driver info: org.openqa.selenium.chrome.ChromeDriver
Command: [471e2582fc414b91726e27565124d815, screenshot {}]
Capabilities {acceptInsecureCerts: false, browserName: chrome, browserVersion: 148.0.7778.217, chrome: {chromedriverVersion: 148.0.7778.178 (d096af1c9e9..., userDataDir: C:\Users\shree\AppData\Loca...}, fedcm:accounts: true, goog:chromeOptions: {debuggerAddress: localhost:57409}, goog:processID: 41608, networkConnectionEnabled: false, pageLoadStrategy: normal, platformName: windows, proxy: Proxy(), se:cdp: ws://localhost:57409/devtoo..., se:cdpVersion: 148.0.7778.217, setWindowRect: true, strictFileInteractability: false, timeouts: {implicit: 0, pageLoad: 300000, script: 30000}, unhandledPromptBehavior: dismiss and notify, webauthn:extension:credBlob: true, webauthn:extension:largeBlob: true, webauthn:extension:minPinLength: true, webauthn:extension:prf: true, webauthn:virtualAuthenticators: true}
Session ID: 471e2582fc414b91726e27565124d815
2026-06-04 12:16:36.666 [main] INFO  com.krce.amazon.utilities.ExtentTestNGListener - Test started: testAmazonProductSearch
2026-06-04 12:16:36.667 [main] INFO  com.krce.amazon.tests.AmazonProductSearchTest - Starting test for keyword: toys under 500
2026-06-04 12:16:36.768 [main] INFO  com.krce.amazon.utilities.RetryAnalyzer - Retrying test 'testAmazonProductSearch' - attempt 1/2
2026-06-04 12:16:36.769 [main] WARN  com.krce.amazon.utilities.ExtentTestNGListener - Test skipped: testAmazonProductSearch
2026-06-04 12:16:36.779 [main] INFO  com.krce.amazon.utilities.ExtentTestNGListener - Test started: testAmazonProductSearch
2026-06-04 12:16:36.780 [main] INFO  com.krce.amazon.tests.AmazonProductSearchTest - Starting test for keyword: toys under 500
2026-06-04 12:16:36.804 [main] INFO  com.krce.amazon.utilities.RetryAnalyzer - Retrying test 'testAmazonProductSearch' - attempt 2/2
2026-06-04 12:16:36.805 [main] WARN  com.krce.amazon.utilities.ExtentTestNGListener - Test skipped: testAmazonProductSearch
2026-06-04 12:16:36.822 [main] INFO  com.krce.amazon.utilities.ExtentTestNGListener - Test started: testAmazonProductSearch
2026-06-04 12:16:36.824 [main] INFO  com.krce.amazon.tests.AmazonProductSearchTest - Starting test for keyword: toys under 500
2026-06-04 12:16:36.855 [main] ERROR com.krce.amazon.utilities.ExtentTestNGListener - Test failed: testAmazonProductSearch - org.openqa.selenium.NoSuchSessionException: invalid session id
Build info: version: '4.27.0', revision: 'd6e718d134'
System info: os.name: 'Windows 11', os.arch: 'amd64', os.version: '10.0', java.version: '21.0.10'
Driver info: org.openqa.selenium.chrome.ChromeDriver
Command: [471e2582fc414b91726e27565124d815, screenshot {}]
Capabilities {acceptInsecureCerts: false, browserName: chrome, browserVersion: 148.0.7778.217, chrome: {chromedriverVersion: 148.0.7778.178 (d096af1c9e9..., userDataDir: C:\Users\shree\AppData\Loca...}, fedcm:accounts: true, goog:chromeOptions: {debuggerAddress: localhost:57409}, goog:processID: 41608, networkConnectionEnabled: false, pageLoadStrategy: normal, platformName: windows, proxy: Proxy(), se:cdp: ws://localhost:57409/devtoo..., se:cdpVersion: 148.0.7778.217, setWindowRect: true, strictFileInteractability: false, timeouts: {implicit: 0, pageLoad: 300000, script: 30000}, unhandledPromptBehavior: dismiss and notify, webauthn:extension:credBlob: true, webauthn:extension:largeBlob: true, webauthn:extension:minPinLength: true, webauthn:extension:prf: true, webauthn:virtualAuthenticators: true}
Session ID: 471e2582fc414b91726e27565124d815
2026-06-04 12:16:36.872 [main] INFO  com.krce.amazon.utilities.ExtentTestNGListener - Test started: testAmazonProductSearch
2026-06-04 12:16:36.874 [main] INFO  com.krce.amazon.tests.AmazonProductSearchTest - Starting test for keyword: toys above 500
2026-06-04 12:16:36.900 [main] INFO  com.krce.amazon.utilities.RetryAnalyzer - Retrying test 'testAmazonProductSearch' - attempt 1/2
2026-06-04 12:16:36.901 [main] WARN  com.krce.amazon.utilities.ExtentTestNGListener - Test skipped: testAmazonProductSearch
2026-06-04 12:16:36.912 [main] INFO  com.krce.amazon.utilities.ExtentTestNGListener - Test started: testAmazonProductSearch
2026-06-04 12:16:36.913 [main] INFO  com.krce.amazon.tests.AmazonProductSearchTest - Starting test for keyword: toys above 500
2026-06-04 12:16:36.940 [main] INFO  com.krce.amazon.utilities.RetryAnalyzer - Retrying test 'testAmazonProductSearch' - attempt 2/2
2026-06-04 12:16:36.941 [main] WARN  com.krce.amazon.utilities.ExtentTestNGListener - Test skipped: testAmazonProductSearch
2026-06-04 12:16:36.951 [main] INFO  com.krce.amazon.utilities.ExtentTestNGListener - Test started: testAmazonProductSearch
2026-06-04 12:16:36.952 [main] INFO  com.krce.amazon.tests.AmazonProductSearchTest - Starting test for keyword: toys above 500
2026-06-04 12:16:36.983 [main] ERROR com.krce.amazon.utilities.ExtentTestNGListener - Test failed: testAmazonProductSearch - org.openqa.selenium.NoSuchSessionException: invalid session id
Build info: version: '4.27.0', revision: 'd6e718d134'
System info: os.name: 'Windows 11', os.arch: 'amd64', os.version: '10.0', java.version: '21.0.10'
Driver info: org.openqa.selenium.chrome.ChromeDriver
Command: [471e2582fc414b91726e27565124d815, screenshot {}]
Capabilities {acceptInsecureCerts: false, browserName: chrome, browserVersion: 148.0.7778.217, chrome: {chromedriverVersion: 148.0.7778.178 (d096af1c9e9..., userDataDir: C:\Users\shree\AppData\Loca...}, fedcm:accounts: true, goog:chromeOptions: {debuggerAddress: localhost:57409}, goog:processID: 41608, networkConnectionEnabled: false, pageLoadStrategy: normal, platformName: windows, proxy: Proxy(), se:cdp: ws://localhost:57409/devtoo..., se:cdpVersion: 148.0.7778.217, setWindowRect: true, strictFileInteractability: false, timeouts: {implicit: 0, pageLoad: 300000, script: 30000}, unhandledPromptBehavior: dismiss and notify, webauthn:extension:credBlob: true, webauthn:extension:largeBlob: true, webauthn:extension:minPinLength: true, webauthn:extension:prf: true, webauthn:virtualAuthenticators: true}
Session ID: 471e2582fc414b91726e27565124d815
2026-06-04 12:16:37.000 [main] INFO  com.krce.amazon.utilities.ExtentTestNGListener - Test started: testAmazonProductSearch
2026-06-04 12:16:37.002 [main] INFO  com.krce.amazon.tests.AmazonProductSearchTest - Starting test for keyword: toys for kids
2026-06-04 12:16:37.025 [main] INFO  com.krce.amazon.utilities.RetryAnalyzer - Retrying test 'testAmazonProductSearch' - attempt 1/2
2026-06-04 12:16:37.027 [main] WARN  com.krce.amazon.utilities.ExtentTestNGListener - Test skipped: testAmazonProductSearch
2026-06-04 12:16:37.036 [main] INFO  com.krce.amazon.utilities.ExtentTestNGListener - Test started: testAmazonProductSearch
2026-06-04 12:16:37.038 [main] INFO  com.krce.amazon.tests.AmazonProductSearchTest - Starting test for keyword: toys for kids
2026-06-04 12:16:37.066 [main] INFO  com.krce.amazon.utilities.RetryAnalyzer - Retrying test 'testAmazonProductSearch' - attempt 2/2
2026-06-04 12:16:37.068 [main] WARN  com.krce.amazon.utilities.ExtentTestNGListener - Test skipped: testAmazonProductSearch
2026-06-04 12:16:37.079 [main] INFO  com.krce.amazon.utilities.ExtentTestNGListener - Test started: testAmazonProductSearch
2026-06-04 12:16:37.080 [main] INFO  com.krce.amazon.tests.AmazonProductSearchTest - Starting test for keyword: toys for kids
2026-06-04 12:16:37.112 [main] ERROR com.krce.amazon.utilities.ExtentTestNGListener - Test failed: testAmazonProductSearch - org.openqa.selenium.NoSuchSessionException: invalid session id
Build info: version: '4.27.0', revision: 'd6e718d134'
System info: os.name: 'Windows 11', os.arch: 'amd64', os.version: '10.0', java.version: '21.0.10'
Driver info: org.openqa.selenium.chrome.ChromeDriver
Command: [471e2582fc414b91726e27565124d815, screenshot {}]
Capabilities {acceptInsecureCerts: false, browserName: chrome, browserVersion: 148.0.7778.217, chrome: {chromedriverVersion: 148.0.7778.178 (d096af1c9e9..., userDataDir: C:\Users\shree\AppData\Loca...}, fedcm:accounts: true, goog:chromeOptions: {debuggerAddress: localhost:57409}, goog:processID: 41608, networkConnectionEnabled: false, pageLoadStrategy: normal, platformName: windows, proxy: Proxy(), se:cdp: ws://localhost:57409/devtoo..., se:cdpVersion: 148.0.7778.217, setWindowRect: true, strictFileInteractability: false, timeouts: {implicit: 0, pageLoad: 300000, script: 30000}, unhandledPromptBehavior: dismiss and notify, webauthn:extension:credBlob: true, webauthn:extension:largeBlob: true, webauthn:extension:minPinLength: true, webauthn:extension:prf: true, webauthn:virtualAuthenticators: true}
Session ID: 471e2582fc414b91726e27565124d815
2026-06-04 12:16:37.159 [main] INFO  com.krce.amazon.utilities.ExtentTestNGListener - Test suite finished: Amazon Product Search Tests
2026-06-04 12:22:59.435 [main] INFO  com.krce.amazon.config.ConfigReader - Configuration loaded from classpath: /config.properties
2026-06-04 12:22:59.837 [main] INFO  com.krce.amazon.utilities.ExtentReportManager - Extent Report initialized at: C:\Users\shree\IdeaProjects\Amazon\output\reports\AmazonTestReport_20260604_122259.html
2026-06-04 12:22:59.839 [main] INFO  com.krce.amazon.base.BaseTest - Test suite initialized. Screenshots: C:\Users\shree\IdeaProjects\Amazon\output\screenshots, Output: C:\Users\shree\IdeaProjects\Amazon\output\data\AmazonProductData.xlsx
2026-06-04 12:22:59.844 [main] INFO  com.krce.amazon.utilities.ExtentTestNGListener - Test suite started: Amazon Product Search Tests
2026-06-04 12:23:00.967 [main] INFO  com.krce.amazon.utilities.ExcelReader - Read 4 search keywords from Excel: C:\Users\shree\IdeaProjects\Amazon\src\main\resources\testdata\input.xlsx
2026-06-04 12:23:00.995 [main] INFO  com.krce.amazon.base.BaseTest - Initializing browser: chrome, headless: false
2026-06-04 12:23:06.768 [main] INFO  com.krce.amazon.base.BaseTest - WebDriver initialized for browser: chrome
2026-06-04 12:23:06.957 [main] INFO  com.krce.amazon.utilities.ExtentTestNGListener - Test started: testAmazonProductSearch
2026-06-04 12:23:06.991 [main] INFO  com.krce.amazon.tests.AmazonProductSearchTest - Starting test for keyword: toys
2026-06-04 12:23:18.939 [main] INFO  com.krce.amazon.pages.HomePage - Navigated to Amazon URL: https://www.amazon.in
2026-06-04 12:23:20.164 [main] INFO  com.krce.amazon.pages.HomePage - Selected category: Toys & Games
2026-06-04 12:23:21.280 [main] INFO  com.krce.amazon.pages.HomePage - Entered search keyword: toys
2026-06-04 12:23:29.143 [main] INFO  com.krce.amazon.pages.HomePage - Clicked search button
2026-06-04 12:23:29.778 [main] INFO  com.krce.amazon.utilities.ScreenshotUtil - Screenshot saved: C:\Users\shree\IdeaProjects\Amazon\output\screenshots\SearchResults_toys_20260604_122329.png
2026-06-04 12:23:29.843 [main] INFO  com.krce.amazon.pages.SearchResultsPage - Extracting product details from 33 results
2026-06-04 12:23:40.102 [main] WARN  com.krce.amazon.pages.SearchResultsPage - Product 1: Name not found
2026-06-04 12:23:50.526 [main] WARN  com.krce.amazon.pages.SearchResultsPage - Product 1: Reviews not found
2026-06-04 12:24:10.877 [main] WARN  com.krce.amazon.pages.SearchResultsPage - Product 2: Name not found
2026-06-04 12:24:31.172 [main] WARN  com.krce.amazon.pages.SearchResultsPage - Product 2: Reviews not found
2026-06-04 12:24:51.478 [main] WARN  com.krce.amazon.pages.SearchResultsPage - Product 3: Name not found
2026-06-04 12:25:11.781 [main] WARN  com.krce.amazon.pages.SearchResultsPage - Product 3: Reviews not found
2026-06-04 12:25:32.006 [main] WARN  com.krce.amazon.pages.SearchResultsPage - Product 4: Name not found
2026-06-04 12:25:52.279 [main] WARN  com.krce.amazon.pages.SearchResultsPage - Product 4: Reviews not found
2026-06-04 12:26:12.726 [main] WARN  com.krce.amazon.pages.SearchResultsPage - Product 5: Name not found
2026-06-04 12:26:32.954 [main] WARN  com.krce.amazon.pages.SearchResultsPage - Product 5: Reviews not found
2026-06-04 12:26:53.196 [main] WARN  com.krce.amazon.pages.SearchResultsPage - Product 6: Name not found
2026-06-04 12:27:17.752 [main] WARN  com.krce.amazon.pages.SearchResultsPage - Product 6: Reviews not found
2026-06-04 12:27:40.164 [main] WARN  com.krce.amazon.pages.SearchResultsPage - Product 7: Name not found
2026-06-04 12:28:02.983 [main] WARN  com.krce.amazon.pages.SearchResultsPage - Product 7: Reviews not found
2026-06-04 12:28:24.998 [main] WARN  com.krce.amazon.pages.SearchResultsPage - Product 8: Name not found
2026-06-04 12:28:53.139 [main] WARN  com.krce.amazon.pages.SearchResultsPage - Product 8: Reviews not found
2026-06-04 12:29:14.241 [main] WARN  com.krce.amazon.pages.SearchResultsPage - Product 9: Name not found
2026-06-04 12:29:35.063 [main] WARN  com.krce.amazon.pages.SearchResultsPage - Product 9: Reviews not found
2026-06-04 12:29:55.469 [main] WARN  com.krce.amazon.pages.SearchResultsPage - Product 10: Name not found
2026-06-04 12:30:15.945 [main] WARN  com.krce.amazon.pages.SearchResultsPage - Product 10: Reviews not found
2026-06-04 12:30:36.437 [main] WARN  com.krce.amazon.pages.SearchResultsPage - Product 11: Name not found
2026-06-04 12:30:56.947 [main] WARN  com.krce.amazon.pages.SearchResultsPage - Product 11: Reviews not found
2026-06-04 12:31:17.210 [main] WARN  com.krce.amazon.pages.SearchResultsPage - Product 12: Name not found
2026-06-04 12:31:37.653 [main] WARN  com.krce.amazon.pages.SearchResultsPage - Product 12: Reviews not found
2026-06-04 12:31:58.299 [main] WARN  com.krce.amazon.pages.SearchResultsPage - Product 13: Name not found
2026-06-04 12:32:19.144 [main] WARN  com.krce.amazon.pages.SearchResultsPage - Product 13: Reviews not found
2026-06-04 12:32:39.434 [main] WARN  com.krce.amazon.pages.SearchResultsPage - Product 14: Name not found
2026-06-04 12:33:00.448 [main] WARN  com.krce.amazon.pages.SearchResultsPage - Product 14: Reviews not found
2026-06-04 12:33:21.399 [main] WARN  com.krce.amazon.pages.SearchResultsPage - Product 15: Name not found
2026-06-04 12:33:42.011 [main] WARN  com.krce.amazon.pages.SearchResultsPage - Product 15: Reviews not found
2026-06-04 12:34:02.282 [main] WARN  com.krce.amazon.pages.SearchResultsPage - Product 16: Name not found
2026-06-04 12:34:22.642 [main] WARN  com.krce.amazon.pages.SearchResultsPage - Product 16: Reviews not found
2026-06-04 12:35:08.447 [main] INFO  com.krce.amazon.config.ConfigReader - Configuration loaded from classpath: /config.properties
2026-06-04 12:35:09.281 [main] INFO  com.krce.amazon.utilities.ExtentReportManager - Extent Report initialized at: C:\Users\shree\IdeaProjects\Amazon\output\reports\AmazonTestReport_20260604_123508.html
2026-06-04 12:35:09.283 [main] INFO  com.krce.amazon.base.BaseTest - Test suite initialized. Screenshots: C:\Users\shree\IdeaProjects\Amazon\output\screenshots, Output: C:\Users\shree\IdeaProjects\Amazon\output\data\AmazonProductData.xlsx
2026-06-04 12:35:09.295 [main] INFO  com.krce.amazon.utilities.ExtentTestNGListener - Test suite started: Amazon Product Search Tests
2026-06-04 12:35:11.436 [main] INFO  com.krce.amazon.utilities.ExcelReader - Read 4 search keywords from Excel: C:\Users\shree\IdeaProjects\Amazon\src\main\resources\testdata\input.xlsx
2026-06-04 12:35:11.460 [main] INFO  com.krce.amazon.base.BaseTest - Initializing browser: chrome, headless: false
2026-06-04 12:35:17.449 [main] INFO  com.krce.amazon.base.BaseTest - WebDriver initialized for browser: chrome
2026-06-04 12:35:17.579 [main] INFO  com.krce.amazon.utilities.ExtentTestNGListener - Test started: testAmazonProductSearch
2026-06-04 12:35:17.598 [main] INFO  com.krce.amazon.tests.AmazonProductSearchTest - Starting test for keyword: toys
2026-06-04 12:35:28.605 [main] INFO  com.krce.amazon.pages.HomePage - Navigated to Amazon URL: https://www.amazon.in
2026-06-04 12:35:43.805 [main] ERROR com.krce.amazon.tests.AmazonProductSearchTest - Test failed for keyword: toys
org.openqa.selenium.TimeoutException: Expected condition failed: waiting for element to be clickable: [[ChromeDriver: chrome on windows (1274b2e7c40e27f86cec93b80f04b216)] -> id: searchDropdownBox] (tried for 15 second(s) with 500 milliseconds interval)
Build info: version: '4.27.0', revision: 'd6e718d134'
System info: os.name: 'Windows 11', os.arch: 'amd64', os.version: '10.0', java.version: '21.0.10'
Driver info: org.openqa.selenium.chrome.ChromeDriver
Capabilities {acceptInsecureCerts: false, browserName: chrome, browserVersion: 148.0.7778.217, chrome: {chromedriverVersion: 148.0.7778.178 (d096af1c9e9..., userDataDir: C:\Users\shree\AppData\Loca...}, fedcm:accounts: true, goog:chromeOptions: {debuggerAddress: localhost:59543}, goog:processID: 70900, networkConnectionEnabled: false, pageLoadStrategy: normal, platformName: windows, proxy: Proxy(), se:cdp: ws://localhost:59543/devtoo..., se:cdpVersion: 148.0.7778.217, setWindowRect: true, strictFileInteractability: false, timeouts: {implicit: 0, pageLoad: 300000, script: 30000}, unhandledPromptBehavior: dismiss and notify, webauthn:extension:credBlob: true, webauthn:extension:largeBlob: true, webauthn:extension:minPinLength: true, webauthn:extension:prf: true, webauthn:virtualAuthenticators: true}
Session ID: 1274b2e7c40e27f86cec93b80f04b216
	at org.openqa.selenium.support.ui.WebDriverWait.timeoutException(WebDriverWait.java:84) ~[selenium-support-4.27.0.jar:?]
	at org.openqa.selenium.support.ui.FluentWait.until(FluentWait.java:228) ~[selenium-support-4.27.0.jar:?]
	at com.krce.amazon.pages.HomePage.selectCategory(HomePage.java:46) ~[classes/:?]
	at com.krce.amazon.pages.HomePage.searchProduct(HomePage.java:68) ~[classes/:?]
	at com.krce.amazon.tests.AmazonProductSearchTest.testAmazonProductSearch(AmazonProductSearchTest.java:75) ~[test-classes/:?]
	at java.base/jdk.internal.reflect.DirectMethodHandleAccessor.invoke(DirectMethodHandleAccessor.java:103) ~[?:?]
	at java.base/java.lang.reflect.Method.invoke(Method.java:580) ~[?:?]
	at org.testng.internal.invokers.MethodInvocationHelper.invokeMethod(MethodInvocationHelper.java:141) ~[testng-7.10.2.jar:7.10.2]
	at org.testng.internal.invokers.TestInvoker.invokeMethod(TestInvoker.java:686) ~[testng-7.10.2.jar:7.10.2]
	at org.testng.internal.invokers.TestInvoker.invokeTestMethod(TestInvoker.java:230) ~[testng-7.10.2.jar:7.10.2]
	at org.testng.internal.invokers.MethodRunner.runInSequence(MethodRunner.java:63) ~[testng-7.10.2.jar:7.10.2]
	at org.testng.internal.invokers.TestInvoker$MethodInvocationAgent.invoke(TestInvoker.java:992) ~[testng-7.10.2.jar:7.10.2]
	at org.testng.internal.invokers.TestInvoker.invokeTestMethods(TestInvoker.java:203) ~[testng-7.10.2.jar:7.10.2]
	at org.testng.internal.invokers.TestMethodWorker.invokeTestMethods(TestMethodWorker.java:154) ~[testng-7.10.2.jar:7.10.2]
	at org.testng.internal.invokers.TestMethodWorker.run(TestMethodWorker.java:134) ~[testng-7.10.2.jar:7.10.2]
	at java.base/java.util.ArrayList.forEach(ArrayList.java:1596) [?:?]
	at org.testng.TestRunner.privateRun(TestRunner.java:739) [testng-7.10.2.jar:7.10.2]
	at org.testng.TestRunner.run(TestRunner.java:614) [testng-7.10.2.jar:7.10.2]
	at org.testng.SuiteRunner.runTest(SuiteRunner.java:421) [testng-7.10.2.jar:7.10.2]
	at org.testng.SuiteRunner.runSequentially(SuiteRunner.java:413) [testng-7.10.2.jar:7.10.2]
	at org.testng.SuiteRunner.privateRun(SuiteRunner.java:373) [testng-7.10.2.jar:7.10.2]
	at org.testng.SuiteRunner.run(SuiteRunner.java:312) [testng-7.10.2.jar:7.10.2]
	at org.testng.SuiteRunnerWorker.runSuite(SuiteRunnerWorker.java:52) [testng-7.10.2.jar:7.10.2]
	at org.testng.SuiteRunnerWorker.run(SuiteRunnerWorker.java:95) [testng-7.10.2.jar:7.10.2]
	at org.testng.TestNG.runSuitesSequentially(TestNG.java:1274) [testng-7.10.2.jar:7.10.2]
	at org.testng.TestNG.runSuitesLocally(TestNG.java:1208) [testng-7.10.2.jar:7.10.2]
	at org.testng.TestNG.runSuites(TestNG.java:1112) [testng-7.10.2.jar:7.10.2]
	at org.testng.TestNG.run(TestNG.java:1079) [testng-7.10.2.jar:7.10.2]
	at org.apache.maven.surefire.testng.TestNGExecutor.run(TestNGExecutor.java:308) [surefire-testng-3.5.2.jar:3.5.2]
	at org.apache.maven.surefire.testng.TestNGXmlTestSuite.execute(TestNGXmlTestSuite.java:71) [surefire-testng-3.5.2.jar:3.5.2]
	at org.apache.maven.surefire.testng.TestNGProvider.invoke(TestNGProvider.java:113) [surefire-testng-3.5.2.jar:3.5.2]
	at org.apache.maven.surefire.booter.ForkedBooter.runSuitesInProcess(ForkedBooter.java:385) [surefire-booter-3.5.2.jar:3.5.2]
	at org.apache.maven.surefire.booter.ForkedBooter.execute(ForkedBooter.java:162) [surefire-booter-3.5.2.jar:3.5.2]
	at org.apache.maven.surefire.booter.ForkedBooter.run(ForkedBooter.java:507) [surefire-booter-3.5.2.jar:3.5.2]
	at org.apache.maven.surefire.booter.ForkedBooter.main(ForkedBooter.java:495) [surefire-booter-3.5.2.jar:3.5.2]
2026-06-04 12:35:45.003 [main] INFO  com.krce.amazon.utilities.ScreenshotUtil - Screenshot saved: C:\Users\shree\IdeaProjects\Amazon\output\screenshots\Failure_toys_20260604_123543.png
2026-06-04 12:35:45.055 [main] INFO  com.krce.amazon.utilities.RetryAnalyzer - Retrying test 'testAmazonProductSearch' - attempt 1/2
2026-06-04 12:35:45.057 [main] WARN  com.krce.amazon.utilities.ExtentTestNGListener - Test skipped: testAmazonProductSearch
2026-06-04 12:35:46.059 [main] INFO  com.krce.amazon.utilities.ScreenshotUtil - Screenshot saved: C:\Users\shree\IdeaProjects\Amazon\output\screenshots\AfterTest__20260604_123545.png
2026-06-04 12:35:48.552 [main] INFO  com.krce.amazon.base.BaseTest - WebDriver quit successfully
2026-06-04 12:35:48.556 [main] INFO  com.krce.amazon.base.BaseTest - Initializing browser: chrome, headless: false
2026-06-04 12:35:53.095 [main] INFO  com.krce.amazon.base.BaseTest - WebDriver initialized for browser: chrome
2026-06-04 12:35:53.103 [main] INFO  com.krce.amazon.utilities.ExtentTestNGListener - Test started: testAmazonProductSearch
2026-06-04 12:35:53.107 [main] INFO  com.krce.amazon.tests.AmazonProductSearchTest - Starting test for keyword: toys
2026-06-04 12:36:16.816 [main] ERROR com.krce.amazon.tests.AmazonProductSearchTest - Test failed for keyword: toys
org.openqa.selenium.TimeoutException: Expected condition failed: waiting for presence of element located by: By.id: searchDropdownBox (tried for 15 second(s) with 500 milliseconds interval)
	at org.openqa.selenium.support.ui.WebDriverWait.timeoutException(WebDriverWait.java:84) ~[selenium-support-4.27.0.jar:?]
	at org.openqa.selenium.support.ui.FluentWait.until(FluentWait.java:228) ~[selenium-support-4.27.0.jar:?]
	at com.krce.amazon.pages.HomePage.navigateToHomePage(HomePage.java:40) ~[classes/:?]
	at com.krce.amazon.pages.HomePage.searchProduct(HomePage.java:67) ~[classes/:?]
	at com.krce.amazon.tests.AmazonProductSearchTest.testAmazonProductSearch(AmazonProductSearchTest.java:75) ~[test-classes/:?]
	at java.base/jdk.internal.reflect.DirectMethodHandleAccessor.invoke(DirectMethodHandleAccessor.java:103) ~[?:?]
	at java.base/java.lang.reflect.Method.invoke(Method.java:580) ~[?:?]
	at org.testng.internal.invokers.MethodInvocationHelper.invokeMethod(MethodInvocationHelper.java:141) ~[testng-7.10.2.jar:7.10.2]
	at org.testng.internal.invokers.TestInvoker.invokeMethod(TestInvoker.java:686) ~[testng-7.10.2.jar:7.10.2]
	at org.testng.internal.invokers.TestInvoker.retryFailed(TestInvoker.java:269) ~[testng-7.10.2.jar:7.10.2]
	at org.testng.internal.invokers.MethodRunner.runInSequence(MethodRunner.java:76) ~[testng-7.10.2.jar:7.10.2]
	at org.testng.internal.invokers.TestInvoker$MethodInvocationAgent.invoke(TestInvoker.java:992) ~[testng-7.10.2.jar:7.10.2]
	at org.testng.internal.invokers.TestInvoker.invokeTestMethods(TestInvoker.java:203) ~[testng-7.10.2.jar:7.10.2]
	at org.testng.internal.invokers.TestMethodWorker.invokeTestMethods(TestMethodWorker.java:154) ~[testng-7.10.2.jar:7.10.2]
	at org.testng.internal.invokers.TestMethodWorker.run(TestMethodWorker.java:134) ~[testng-7.10.2.jar:7.10.2]
	at java.base/java.util.ArrayList.forEach(ArrayList.java:1596) [?:?]
	at org.testng.TestRunner.privateRun(TestRunner.java:739) [testng-7.10.2.jar:7.10.2]
	at org.testng.TestRunner.run(TestRunner.java:614) [testng-7.10.2.jar:7.10.2]
	at org.testng.SuiteRunner.runTest(SuiteRunner.java:421) [testng-7.10.2.jar:7.10.2]
	at org.testng.SuiteRunner.runSequentially(SuiteRunner.java:413) [testng-7.10.2.jar:7.10.2]
	at org.testng.SuiteRunner.privateRun(SuiteRunner.java:373) [testng-7.10.2.jar:7.10.2]
	at org.testng.SuiteRunner.run(SuiteRunner.java:312) [testng-7.10.2.jar:7.10.2]
	at org.testng.SuiteRunnerWorker.runSuite(SuiteRunnerWorker.java:52) [testng-7.10.2.jar:7.10.2]
	at org.testng.SuiteRunnerWorker.run(SuiteRunnerWorker.java:95) [testng-7.10.2.jar:7.10.2]
	at org.testng.TestNG.runSuitesSequentially(TestNG.java:1274) [testng-7.10.2.jar:7.10.2]
	at org.testng.TestNG.runSuitesLocally(TestNG.java:1208) [testng-7.10.2.jar:7.10.2]
	at org.testng.TestNG.runSuites(TestNG.java:1112) [testng-7.10.2.jar:7.10.2]
	at org.testng.TestNG.run(TestNG.java:1079) [testng-7.10.2.jar:7.10.2]
	at org.apache.maven.surefire.testng.TestNGExecutor.run(TestNGExecutor.java:308) [surefire-testng-3.5.2.jar:3.5.2]
	at org.apache.maven.surefire.testng.TestNGXmlTestSuite.execute(TestNGXmlTestSuite.java:71) [surefire-testng-3.5.2.jar:3.5.2]
	at org.apache.maven.surefire.testng.TestNGProvider.invoke(TestNGProvider.java:113) [surefire-testng-3.5.2.jar:3.5.2]
	at org.apache.maven.surefire.booter.ForkedBooter.runSuitesInProcess(ForkedBooter.java:385) [surefire-booter-3.5.2.jar:3.5.2]
	at org.apache.maven.surefire.booter.ForkedBooter.execute(ForkedBooter.java:162) [surefire-booter-3.5.2.jar:3.5.2]
	at org.apache.maven.surefire.booter.ForkedBooter.run(ForkedBooter.java:507) [surefire-booter-3.5.2.jar:3.5.2]
	at org.apache.maven.surefire.booter.ForkedBooter.main(ForkedBooter.java:495) [surefire-booter-3.5.2.jar:3.5.2]
Caused by: org.openqa.selenium.NoSuchElementException: no such element: Unable to locate element: {"method":"css selector","selector":"#searchDropdownBox"}
  (Session info: chrome=148.0.7778.217)
For documentation on this error, please visit: https://www.selenium.dev/documentation/webdriver/troubleshooting/errors#no-such-element-exception
Build info: version: '4.27.0', revision: 'd6e718d134'
System info: os.name: 'Windows 11', os.arch: 'amd64', os.version: '10.0', java.version: '21.0.10'
Driver info: org.openqa.selenium.chrome.ChromeDriver
Command: [0e48d19b59b1c71ffcff191ff349763d, findElement {value=searchDropdownBox, using=id}]
Capabilities {acceptInsecureCerts: false, browserName: chrome, browserVersion: 148.0.7778.217, chrome: {chromedriverVersion: 148.0.7778.178 (d096af1c9e9..., userDataDir: C:\Users\shree\AppData\Loca...}, fedcm:accounts: true, goog:chromeOptions: {debuggerAddress: localhost:53195}, goog:processID: 15780, networkConnectionEnabled: false, pageLoadStrategy: normal, platformName: windows, proxy: Proxy(), se:cdp: ws://localhost:53195/devtoo..., se:cdpVersion: 148.0.7778.217, setWindowRect: true, strictFileInteractability: false, timeouts: {implicit: 0, pageLoad: 300000, script: 30000}, unhandledPromptBehavior: dismiss and notify, webauthn:extension:credBlob: true, webauthn:extension:largeBlob: true, webauthn:extension:minPinLength: true, webauthn:extension:prf: true, webauthn:virtualAuthenticators: true}
Session ID: 0e48d19b59b1c71ffcff191ff349763d
	at java.base/jdk.internal.reflect.DirectConstructorHandleAccessor.newInstance(DirectConstructorHandleAccessor.java:62) ~[?:?]
	at java.base/java.lang.reflect.Constructor.newInstanceWithCaller(Constructor.java:502) ~[?:?]
	at java.base/java.lang.reflect.Constructor.newInstance(Constructor.java:486) ~[?:?]
	at org.openqa.selenium.remote.ErrorCodec.decode(ErrorCodec.java:167) ~[selenium-remote-driver-4.27.0.jar:?]
	at org.openqa.selenium.remote.codec.w3c.W3CHttpResponseCodec.decode(W3CHttpResponseCodec.java:138) ~[selenium-remote-driver-4.27.0.jar:?]
	at org.openqa.selenium.remote.codec.w3c.W3CHttpResponseCodec.decode(W3CHttpResponseCodec.java:50) ~[selenium-remote-driver-4.27.0.jar:?]
	at org.openqa.selenium.remote.HttpCommandExecutor.execute(HttpCommandExecutor.java:190) ~[selenium-remote-driver-4.27.0.jar:?]
	at org.openqa.selenium.remote.service.DriverCommandExecutor.invokeExecute(DriverCommandExecutor.java:216) ~[selenium-remote-driver-4.27.0.jar:?]
	at org.openqa.selenium.remote.service.DriverCommandExecutor.execute(DriverCommandExecutor.java:174) ~[selenium-remote-driver-4.27.0.jar:?]
	at org.openqa.selenium.remote.RemoteWebDriver.execute(RemoteWebDriver.java:545) ~[selenium-remote-driver-4.27.0.jar:?]
	at org.openqa.selenium.remote.ElementLocation$ElementFinder$2.findElement(ElementLocation.java:165) ~[selenium-remote-driver-4.27.0.jar:?]
	at org.openqa.selenium.remote.ElementLocation.findElement(ElementLocation.java:59) ~[selenium-remote-driver-4.27.0.jar:?]
	at org.openqa.selenium.remote.RemoteWebDriver.findElement(RemoteWebDriver.java:368) ~[selenium-remote-driver-4.27.0.jar:?]
	at org.openqa.selenium.remote.RemoteWebDriver.findElement(RemoteWebDriver.java:362) ~[selenium-remote-driver-4.27.0.jar:?]
	at org.openqa.selenium.support.ui.ExpectedConditions$6.apply(ExpectedConditions.java:171) ~[selenium-support-4.27.0.jar:?]
	at org.openqa.selenium.support.ui.ExpectedConditions$6.apply(ExpectedConditions.java:168) ~[selenium-support-4.27.0.jar:?]
	at org.openqa.selenium.support.ui.FluentWait.until(FluentWait.java:203) ~[selenium-support-4.27.0.jar:?]
	... 33 more
2026-06-04 12:36:17.013 [main] INFO  com.krce.amazon.utilities.ScreenshotUtil - Screenshot saved: C:\Users\shree\IdeaProjects\Amazon\output\screenshots\Failure_toys_20260604_123616.png
2026-06-04 12:36:17.022 [main] INFO  com.krce.amazon.utilities.RetryAnalyzer - Retrying test 'testAmazonProductSearch' - attempt 2/2
2026-06-04 12:36:17.025 [main] WARN  com.krce.amazon.utilities.ExtentTestNGListener - Test skipped: testAmazonProductSearch
2026-06-04 12:36:17.193 [main] INFO  com.krce.amazon.utilities.ScreenshotUtil - Screenshot saved: C:\Users\shree\IdeaProjects\Amazon\output\screenshots\AfterTest__20260604_123617.png
2026-06-04 12:36:18.449 [main] INFO  com.krce.amazon.base.BaseTest - WebDriver quit successfully
2026-06-04 12:36:18.451 [main] INFO  com.krce.amazon.base.BaseTest - Initializing browser: chrome, headless: false
2026-06-04 12:36:23.336 [main] INFO  com.krce.amazon.base.BaseTest - WebDriver initialized for browser: chrome
2026-06-04 12:36:23.341 [main] INFO  com.krce.amazon.utilities.ExtentTestNGListener - Test started: testAmazonProductSearch
2026-06-04 12:36:23.343 [main] INFO  com.krce.amazon.tests.AmazonProductSearchTest - Starting test for keyword: toys
2026-06-04 12:36:52.951 [main] INFO  com.krce.amazon.pages.HomePage - Navigated to Amazon URL: https://www.amazon.in
2026-06-04 12:37:08.238 [main] ERROR com.krce.amazon.tests.AmazonProductSearchTest - Test failed for keyword: toys
org.openqa.selenium.TimeoutException: Expected condition failed: waiting for element to be clickable: [[ChromeDriver: chrome on windows (ba5b62ce74ce14080c3ecea7d2c60e4c)] -> id: searchDropdownBox] (tried for 15 second(s) with 500 milliseconds interval)
Build info: version: '4.27.0', revision: 'd6e718d134'
System info: os.name: 'Windows 11', os.arch: 'amd64', os.version: '10.0', java.version: '21.0.10'
Driver info: org.openqa.selenium.chrome.ChromeDriver
Capabilities {acceptInsecureCerts: false, browserName: chrome, browserVersion: 148.0.7778.217, chrome: {chromedriverVersion: 148.0.7778.178 (d096af1c9e9..., userDataDir: C:\Users\shree\AppData\Loca...}, fedcm:accounts: true, goog:chromeOptions: {debuggerAddress: localhost:63739}, goog:processID: 66868, networkConnectionEnabled: false, pageLoadStrategy: normal, platformName: windows, proxy: Proxy(), se:cdp: ws://localhost:63739/devtoo..., se:cdpVersion: 148.0.7778.217, setWindowRect: true, strictFileInteractability: false, timeouts: {implicit: 0, pageLoad: 300000, script: 30000}, unhandledPromptBehavior: dismiss and notify, webauthn:extension:credBlob: true, webauthn:extension:largeBlob: true, webauthn:extension:minPinLength: true, webauthn:extension:prf: true, webauthn:virtualAuthenticators: true}
Session ID: ba5b62ce74ce14080c3ecea7d2c60e4c
	at org.openqa.selenium.support.ui.WebDriverWait.timeoutException(WebDriverWait.java:84) ~[selenium-support-4.27.0.jar:?]
	at org.openqa.selenium.support.ui.FluentWait.until(FluentWait.java:228) ~[selenium-support-4.27.0.jar:?]
	at com.krce.amazon.pages.HomePage.selectCategory(HomePage.java:46) ~[classes/:?]
	at com.krce.amazon.pages.HomePage.searchProduct(HomePage.java:68) ~[classes/:?]
	at com.krce.amazon.tests.AmazonProductSearchTest.testAmazonProductSearch(AmazonProductSearchTest.java:75) ~[test-classes/:?]
	at java.base/jdk.internal.reflect.DirectMethodHandleAccessor.invoke(DirectMethodHandleAccessor.java:103) ~[?:?]
	at java.base/java.lang.reflect.Method.invoke(Method.java:580) ~[?:?]
	at org.testng.internal.invokers.MethodInvocationHelper.invokeMethod(MethodInvocationHelper.java:141) ~[testng-7.10.2.jar:7.10.2]
	at org.testng.internal.invokers.TestInvoker.invokeMethod(TestInvoker.java:686) ~[testng-7.10.2.jar:7.10.2]
	at org.testng.internal.invokers.TestInvoker.retryFailed(TestInvoker.java:269) ~[testng-7.10.2.jar:7.10.2]
	at org.testng.internal.invokers.MethodRunner.runInSequence(MethodRunner.java:76) ~[testng-7.10.2.jar:7.10.2]
	at org.testng.internal.invokers.TestInvoker$MethodInvocationAgent.invoke(TestInvoker.java:992) ~[testng-7.10.2.jar:7.10.2]
	at org.testng.internal.invokers.TestInvoker.invokeTestMethods(TestInvoker.java:203) ~[testng-7.10.2.jar:7.10.2]
	at org.testng.internal.invokers.TestMethodWorker.invokeTestMethods(TestMethodWorker.java:154) ~[testng-7.10.2.jar:7.10.2]
	at org.testng.internal.invokers.TestMethodWorker.run(TestMethodWorker.java:134) ~[testng-7.10.2.jar:7.10.2]
	at java.base/java.util.ArrayList.forEach(ArrayList.java:1596) [?:?]
	at org.testng.TestRunner.privateRun(TestRunner.java:739) [testng-7.10.2.jar:7.10.2]
	at org.testng.TestRunner.run(TestRunner.java:614) [testng-7.10.2.jar:7.10.2]
	at org.testng.SuiteRunner.runTest(SuiteRunner.java:421) [testng-7.10.2.jar:7.10.2]
	at org.testng.SuiteRunner.runSequentially(SuiteRunner.java:413) [testng-7.10.2.jar:7.10.2]
	at org.testng.SuiteRunner.privateRun(SuiteRunner.java:373) [testng-7.10.2.jar:7.10.2]
	at org.testng.SuiteRunner.run(SuiteRunner.java:312) [testng-7.10.2.jar:7.10.2]
	at org.testng.SuiteRunnerWorker.runSuite(SuiteRunnerWorker.java:52) [testng-7.10.2.jar:7.10.2]
	at org.testng.SuiteRunnerWorker.run(SuiteRunnerWorker.java:95) [testng-7.10.2.jar:7.10.2]
	at org.testng.TestNG.runSuitesSequentially(TestNG.java:1274) [testng-7.10.2.jar:7.10.2]
	at org.testng.TestNG.runSuitesLocally(TestNG.java:1208) [testng-7.10.2.jar:7.10.2]
	at org.testng.TestNG.runSuites(TestNG.java:1112) [testng-7.10.2.jar:7.10.2]
	at org.testng.TestNG.run(TestNG.java:1079) [testng-7.10.2.jar:7.10.2]
	at org.apache.maven.surefire.testng.TestNGExecutor.run(TestNGExecutor.java:308) [surefire-testng-3.5.2.jar:3.5.2]
	at org.apache.maven.surefire.testng.TestNGXmlTestSuite.execute(TestNGXmlTestSuite.java:71) [surefire-testng-3.5.2.jar:3.5.2]
	at org.apache.maven.surefire.testng.TestNGProvider.invoke(TestNGProvider.java:113) [surefire-testng-3.5.2.jar:3.5.2]
	at org.apache.maven.surefire.booter.ForkedBooter.runSuitesInProcess(ForkedBooter.java:385) [surefire-booter-3.5.2.jar:3.5.2]
	at org.apache.maven.surefire.booter.ForkedBooter.execute(ForkedBooter.java:162) [surefire-booter-3.5.2.jar:3.5.2]
	at org.apache.maven.surefire.booter.ForkedBooter.run(ForkedBooter.java:507) [surefire-booter-3.5.2.jar:3.5.2]
	at org.apache.maven.surefire.booter.ForkedBooter.main(ForkedBooter.java:495) [surefire-booter-3.5.2.jar:3.5.2]
2026-06-04 12:37:09.561 [main] INFO  com.krce.amazon.utilities.ScreenshotUtil - Screenshot saved: C:\Users\shree\IdeaProjects\Amazon\output\screenshots\Failure_toys_20260604_123708.png
2026-06-04 12:37:09.566 [main] ERROR com.krce.amazon.utilities.ExtentTestNGListener - Test failed: testAmazonProductSearch - java.lang.AssertionError: Test failed: Expected condition failed: waiting for element to be clickable: [[ChromeDriver: chrome on windows (ba5b62ce74ce14080c3ecea7d2c60e4c)] -> id: searchDropdownBox] (tried for 15 second(s) with 500 milliseconds interval)
Build info: version: '4.27.0', revision: 'd6e718d134'
System info: os.name: 'Windows 11', os.arch: 'amd64', os.version: '10.0', java.version: '21.0.10'
Driver info: org.openqa.selenium.chrome.ChromeDriver
Capabilities {acceptInsecureCerts: false, browserName: chrome, browserVersion: 148.0.7778.217, chrome: {chromedriverVersion: 148.0.7778.178 (d096af1c9e9..., userDataDir: C:\Users\shree\AppData\Loca...}, fedcm:accounts: true, goog:chromeOptions: {debuggerAddress: localhost:63739}, goog:processID: 66868, networkConnectionEnabled: false, pageLoadStrategy: normal, platformName: windows, proxy: Proxy(), se:cdp: ws://localhost:63739/devtoo..., se:cdpVersion: 148.0.7778.217, setWindowRect: true, strictFileInteractability: false, timeouts: {implicit: 0, pageLoad: 300000, script: 30000}, unhandledPromptBehavior: dismiss and notify, webauthn:extension:credBlob: true, webauthn:extension:largeBlob: true, webauthn:extension:minPinLength: true, webauthn:extension:prf: true, webauthn:virtualAuthenticators: true}
Session ID: ba5b62ce74ce14080c3ecea7d2c60e4c
2026-06-04 12:37:10.645 [main] INFO  com.krce.amazon.utilities.ScreenshotUtil - Screenshot saved: C:\Users\shree\IdeaProjects\Amazon\output\screenshots\AfterTest__20260604_123709.png
2026-06-04 12:37:17.786 [main] INFO  com.krce.amazon.base.BaseTest - WebDriver quit successfully
2026-06-04 12:37:17.793 [main] INFO  com.krce.amazon.base.BaseTest - Initializing browser: chrome, headless: false
2026-06-04 12:37:22.906 [main] INFO  com.krce.amazon.base.BaseTest - WebDriver initialized for browser: chrome
2026-06-04 12:37:22.917 [main] INFO  com.krce.amazon.utilities.ExtentTestNGListener - Test started: testAmazonProductSearch
2026-06-04 12:37:22.924 [main] INFO  com.krce.amazon.tests.AmazonProductSearchTest - Starting test for keyword: toys under 500
2026-06-04 12:37:29.094 [main] INFO  com.krce.amazon.pages.HomePage - Navigated to Amazon URL: https://www.amazon.in
2026-06-04 12:37:44.609 [main] ERROR com.krce.amazon.tests.AmazonProductSearchTest - Test failed for keyword: toys under 500
org.openqa.selenium.TimeoutException: Expected condition failed: waiting for element to be clickable: [[ChromeDriver: chrome on windows (6a2870c07905c24020ab5eb9a1effbc4)] -> id: searchDropdownBox] (tried for 15 second(s) with 500 milliseconds interval)
Build info: version: '4.27.0', revision: 'd6e718d134'
System info: os.name: 'Windows 11', os.arch: 'amd64', os.version: '10.0', java.version: '21.0.10'
Driver info: org.openqa.selenium.chrome.ChromeDriver
Capabilities {acceptInsecureCerts: false, browserName: chrome, browserVersion: 148.0.7778.217, chrome: {chromedriverVersion: 148.0.7778.178 (d096af1c9e9..., userDataDir: C:\Users\shree\AppData\Loca...}, fedcm:accounts: true, goog:chromeOptions: {debuggerAddress: localhost:54528}, goog:processID: 63072, networkConnectionEnabled: false, pageLoadStrategy: normal, platformName: windows, proxy: Proxy(), se:cdp: ws://localhost:54528/devtoo..., se:cdpVersion: 148.0.7778.217, setWindowRect: true, strictFileInteractability: false, timeouts: {implicit: 0, pageLoad: 300000, script: 30000}, unhandledPromptBehavior: dismiss and notify, webauthn:extension:credBlob: true, webauthn:extension:largeBlob: true, webauthn:extension:minPinLength: true, webauthn:extension:prf: true, webauthn:virtualAuthenticators: true}
Session ID: 6a2870c07905c24020ab5eb9a1effbc4
	at org.openqa.selenium.support.ui.WebDriverWait.timeoutException(WebDriverWait.java:84) ~[selenium-support-4.27.0.jar:?]
	at org.openqa.selenium.support.ui.FluentWait.until(FluentWait.java:228) ~[selenium-support-4.27.0.jar:?]
	at com.krce.amazon.pages.HomePage.selectCategory(HomePage.java:46) ~[classes/:?]
	at com.krce.amazon.pages.HomePage.searchProduct(HomePage.java:68) ~[classes/:?]
	at com.krce.amazon.tests.AmazonProductSearchTest.testAmazonProductSearch(AmazonProductSearchTest.java:75) ~[test-classes/:?]
	at java.base/jdk.internal.reflect.DirectMethodHandleAccessor.invoke(DirectMethodHandleAccessor.java:103) ~[?:?]
	at java.base/java.lang.reflect.Method.invoke(Method.java:580) ~[?:?]
	at org.testng.internal.invokers.MethodInvocationHelper.invokeMethod(MethodInvocationHelper.java:141) ~[testng-7.10.2.jar:7.10.2]
	at org.testng.internal.invokers.TestInvoker.invokeMethod(TestInvoker.java:686) ~[testng-7.10.2.jar:7.10.2]
	at org.testng.internal.invokers.TestInvoker.invokeTestMethod(TestInvoker.java:230) ~[testng-7.10.2.jar:7.10.2]
	at org.testng.internal.invokers.MethodRunner.runInSequence(MethodRunner.java:63) ~[testng-7.10.2.jar:7.10.2]
	at org.testng.internal.invokers.TestInvoker$MethodInvocationAgent.invoke(TestInvoker.java:992) ~[testng-7.10.2.jar:7.10.2]
	at org.testng.internal.invokers.TestInvoker.invokeTestMethods(TestInvoker.java:203) ~[testng-7.10.2.jar:7.10.2]
	at org.testng.internal.invokers.TestMethodWorker.invokeTestMethods(TestMethodWorker.java:154) ~[testng-7.10.2.jar:7.10.2]
	at org.testng.internal.invokers.TestMethodWorker.run(TestMethodWorker.java:134) ~[testng-7.10.2.jar:7.10.2]
	at java.base/java.util.ArrayList.forEach(ArrayList.java:1596) [?:?]
	at org.testng.TestRunner.privateRun(TestRunner.java:739) [testng-7.10.2.jar:7.10.2]
	at org.testng.TestRunner.run(TestRunner.java:614) [testng-7.10.2.jar:7.10.2]
	at org.testng.SuiteRunner.runTest(SuiteRunner.java:421) [testng-7.10.2.jar:7.10.2]
	at org.testng.SuiteRunner.runSequentially(SuiteRunner.java:413) [testng-7.10.2.jar:7.10.2]
	at org.testng.SuiteRunner.privateRun(SuiteRunner.java:373) [testng-7.10.2.jar:7.10.2]
	at org.testng.SuiteRunner.run(SuiteRunner.java:312) [testng-7.10.2.jar:7.10.2]
	at org.testng.SuiteRunnerWorker.runSuite(SuiteRunnerWorker.java:52) [testng-7.10.2.jar:7.10.2]
	at org.testng.SuiteRunnerWorker.run(SuiteRunnerWorker.java:95) [testng-7.10.2.jar:7.10.2]
	at org.testng.TestNG.runSuitesSequentially(TestNG.java:1274) [testng-7.10.2.jar:7.10.2]
	at org.testng.TestNG.runSuitesLocally(TestNG.java:1208) [testng-7.10.2.jar:7.10.2]
	at org.testng.TestNG.runSuites(TestNG.java:1112) [testng-7.10.2.jar:7.10.2]
	at org.testng.TestNG.run(TestNG.java:1079) [testng-7.10.2.jar:7.10.2]
	at org.apache.maven.surefire.testng.TestNGExecutor.run(TestNGExecutor.java:308) [surefire-testng-3.5.2.jar:3.5.2]
	at org.apache.maven.surefire.testng.TestNGXmlTestSuite.execute(TestNGXmlTestSuite.java:71) [surefire-testng-3.5.2.jar:3.5.2]
	at org.apache.maven.surefire.testng.TestNGProvider.invoke(TestNGProvider.java:113) [surefire-testng-3.5.2.jar:3.5.2]
	at org.apache.maven.surefire.booter.ForkedBooter.runSuitesInProcess(ForkedBooter.java:385) [surefire-booter-3.5.2.jar:3.5.2]
	at org.apache.maven.surefire.booter.ForkedBooter.execute(ForkedBooter.java:162) [surefire-booter-3.5.2.jar:3.5.2]
	at org.apache.maven.surefire.booter.ForkedBooter.run(ForkedBooter.java:507) [surefire-booter-3.5.2.jar:3.5.2]
	at org.apache.maven.surefire.booter.ForkedBooter.main(ForkedBooter.java:495) [surefire-booter-3.5.2.jar:3.5.2]
2026-06-04 12:37:45.749 [main] INFO  com.krce.amazon.utilities.ScreenshotUtil - Screenshot saved: C:\Users\shree\IdeaProjects\Amazon\output\screenshots\Failure_toys_under_500_20260604_123744.png
2026-06-04 12:37:45.758 [main] INFO  com.krce.amazon.utilities.RetryAnalyzer - Retrying test 'testAmazonProductSearch' - attempt 1/2
2026-06-04 12:37:45.762 [main] WARN  com.krce.amazon.utilities.ExtentTestNGListener - Test skipped: testAmazonProductSearch
2026-06-04 12:37:46.782 [main] INFO  com.krce.amazon.utilities.ScreenshotUtil - Screenshot saved: C:\Users\shree\IdeaProjects\Amazon\output\screenshots\AfterTest__20260604_123745.png
2026-06-04 12:37:48.664 [main] INFO  com.krce.amazon.base.BaseTest - WebDriver quit successfully
2026-06-04 12:37:48.672 [main] INFO  com.krce.amazon.base.BaseTest - Initializing browser: chrome, headless: false
2026-06-04 12:37:53.148 [main] INFO  com.krce.amazon.base.BaseTest - WebDriver initialized for browser: chrome
2026-06-04 12:37:53.154 [main] INFO  com.krce.amazon.utilities.ExtentTestNGListener - Test started: testAmazonProductSearch
2026-06-04 12:37:53.156 [main] INFO  com.krce.amazon.tests.AmazonProductSearchTest - Starting test for keyword: toys under 500
2026-06-04 12:38:01.591 [main] INFO  com.krce.amazon.pages.HomePage - Navigated to Amazon URL: https://www.amazon.in
2026-06-04 12:38:16.870 [main] ERROR com.krce.amazon.tests.AmazonProductSearchTest - Test failed for keyword: toys under 500
org.openqa.selenium.TimeoutException: Expected condition failed: waiting for element to be clickable: [[ChromeDriver: chrome on windows (9a5db1cac9dd0552179053f687a9d98a)] -> id: searchDropdownBox] (tried for 15 second(s) with 500 milliseconds interval)
Build info: version: '4.27.0', revision: 'd6e718d134'
System info: os.name: 'Windows 11', os.arch: 'amd64', os.version: '10.0', java.version: '21.0.10'
Driver info: org.openqa.selenium.chrome.ChromeDriver
Capabilities {acceptInsecureCerts: false, browserName: chrome, browserVersion: 148.0.7778.217, chrome: {chromedriverVersion: 148.0.7778.178 (d096af1c9e9..., userDataDir: C:\Users\shree\AppData\Loca...}, fedcm:accounts: true, goog:chromeOptions: {debuggerAddress: localhost:60148}, goog:processID: 64904, networkConnectionEnabled: false, pageLoadStrategy: normal, platformName: windows, proxy: Proxy(), se:cdp: ws://localhost:60148/devtoo..., se:cdpVersion: 148.0.7778.217, setWindowRect: true, strictFileInteractability: false, timeouts: {implicit: 0, pageLoad: 300000, script: 30000}, unhandledPromptBehavior: dismiss and notify, webauthn:extension:credBlob: true, webauthn:extension:largeBlob: true, webauthn:extension:minPinLength: true, webauthn:extension:prf: true, webauthn:virtualAuthenticators: true}
Session ID: 9a5db1cac9dd0552179053f687a9d98a
	at org.openqa.selenium.support.ui.WebDriverWait.timeoutException(WebDriverWait.java:84) ~[selenium-support-4.27.0.jar:?]
	at org.openqa.selenium.support.ui.FluentWait.until(FluentWait.java:228) ~[selenium-support-4.27.0.jar:?]
	at com.krce.amazon.pages.HomePage.selectCategory(HomePage.java:46) ~[classes/:?]
	at com.krce.amazon.pages.HomePage.searchProduct(HomePage.java:68) ~[classes/:?]
	at com.krce.amazon.tests.AmazonProductSearchTest.testAmazonProductSearch(AmazonProductSearchTest.java:75) ~[test-classes/:?]
	at java.base/jdk.internal.reflect.DirectMethodHandleAccessor.invoke(DirectMethodHandleAccessor.java:103) ~[?:?]
	at java.base/java.lang.reflect.Method.invoke(Method.java:580) ~[?:?]
	at org.testng.internal.invokers.MethodInvocationHelper.invokeMethod(MethodInvocationHelper.java:141) ~[testng-7.10.2.jar:7.10.2]
	at org.testng.internal.invokers.TestInvoker.invokeMethod(TestInvoker.java:686) ~[testng-7.10.2.jar:7.10.2]
	at org.testng.internal.invokers.TestInvoker.retryFailed(TestInvoker.java:269) ~[testng-7.10.2.jar:7.10.2]
	at org.testng.internal.invokers.MethodRunner.runInSequence(MethodRunner.java:76) ~[testng-7.10.2.jar:7.10.2]
	at org.testng.internal.invokers.TestInvoker$MethodInvocationAgent.invoke(TestInvoker.java:992) ~[testng-7.10.2.jar:7.10.2]
	at org.testng.internal.invokers.TestInvoker.invokeTestMethods(TestInvoker.java:203) ~[testng-7.10.2.jar:7.10.2]
	at org.testng.internal.invokers.TestMethodWorker.invokeTestMethods(TestMethodWorker.java:154) ~[testng-7.10.2.jar:7.10.2]
	at org.testng.internal.invokers.TestMethodWorker.run(TestMethodWorker.java:134) ~[testng-7.10.2.jar:7.10.2]
	at java.base/java.util.ArrayList.forEach(ArrayList.java:1596) [?:?]
	at org.testng.TestRunner.privateRun(TestRunner.java:739) [testng-7.10.2.jar:7.10.2]
	at org.testng.TestRunner.run(TestRunner.java:614) [testng-7.10.2.jar:7.10.2]
	at org.testng.SuiteRunner.runTest(SuiteRunner.java:421) [testng-7.10.2.jar:7.10.2]
	at org.testng.SuiteRunner.runSequentially(SuiteRunner.java:413) [testng-7.10.2.jar:7.10.2]
	at org.testng.SuiteRunner.privateRun(SuiteRunner.java:373) [testng-7.10.2.jar:7.10.2]
	at org.testng.SuiteRunner.run(SuiteRunner.java:312) [testng-7.10.2.jar:7.10.2]
	at org.testng.SuiteRunnerWorker.runSuite(SuiteRunnerWorker.java:52) [testng-7.10.2.jar:7.10.2]
	at org.testng.SuiteRunnerWorker.run(SuiteRunnerWorker.java:95) [testng-7.10.2.jar:7.10.2]
	at org.testng.TestNG.runSuitesSequentially(TestNG.java:1274) [testng-7.10.2.jar:7.10.2]
	at org.testng.TestNG.runSuitesLocally(TestNG.java:1208) [testng-7.10.2.jar:7.10.2]
	at org.testng.TestNG.runSuites(TestNG.java:1112) [testng-7.10.2.jar:7.10.2]
	at org.testng.TestNG.run(TestNG.java:1079) [testng-7.10.2.jar:7.10.2]
	at org.apache.maven.surefire.testng.TestNGExecutor.run(TestNGExecutor.java:308) [surefire-testng-3.5.2.jar:3.5.2]
	at org.apache.maven.surefire.testng.TestNGXmlTestSuite.execute(TestNGXmlTestSuite.java:71) [surefire-testng-3.5.2.jar:3.5.2]
	at org.apache.maven.surefire.testng.TestNGProvider.invoke(TestNGProvider.java:113) [surefire-testng-3.5.2.jar:3.5.2]
	at org.apache.maven.surefire.booter.ForkedBooter.runSuitesInProcess(ForkedBooter.java:385) [surefire-booter-3.5.2.jar:3.5.2]
	at org.apache.maven.surefire.booter.ForkedBooter.execute(ForkedBooter.java:162) [surefire-booter-3.5.2.jar:3.5.2]
	at org.apache.maven.surefire.booter.ForkedBooter.run(ForkedBooter.java:507) [surefire-booter-3.5.2.jar:3.5.2]
	at org.apache.maven.surefire.booter.ForkedBooter.main(ForkedBooter.java:495) [surefire-booter-3.5.2.jar:3.5.2]
2026-06-04 12:38:17.600 [main] INFO  com.krce.amazon.utilities.ScreenshotUtil - Screenshot saved: C:\Users\shree\IdeaProjects\Amazon\output\screenshots\Failure_toys_under_500_20260604_123816.png
2026-06-04 12:38:17.605 [main] INFO  com.krce.amazon.utilities.RetryAnalyzer - Retrying test 'testAmazonProductSearch' - attempt 2/2
2026-06-04 12:38:17.607 [main] WARN  com.krce.amazon.utilities.ExtentTestNGListener - Test skipped: testAmazonProductSearch
2026-06-04 12:38:18.253 [main] INFO  com.krce.amazon.utilities.ScreenshotUtil - Screenshot saved: C:\Users\shree\IdeaProjects\Amazon\output\screenshots\AfterTest__20260604_123817.png
2026-06-04 12:38:19.678 [main] INFO  com.krce.amazon.base.BaseTest - WebDriver quit successfully
2026-06-04 12:38:19.681 [main] INFO  com.krce.amazon.base.BaseTest - Initializing browser: chrome, headless: false
2026-06-04 12:38:24.789 [main] INFO  com.krce.amazon.base.BaseTest - WebDriver initialized for browser: chrome
2026-06-04 12:38:24.793 [main] INFO  com.krce.amazon.utilities.ExtentTestNGListener - Test started: testAmazonProductSearch
2026-06-04 12:38:24.795 [main] INFO  com.krce.amazon.tests.AmazonProductSearchTest - Starting test for keyword: toys under 500
2026-06-04 12:38:47.355 [main] INFO  com.krce.amazon.pages.HomePage - Navigated to Amazon URL: https://www.amazon.in
2026-06-04 12:39:02.907 [main] ERROR com.krce.amazon.tests.AmazonProductSearchTest - Test failed for keyword: toys under 500
org.openqa.selenium.TimeoutException: Expected condition failed: waiting for element to be clickable: [[ChromeDriver: chrome on windows (e5f20b091d6569d370dec9a7b295199a)] -> id: searchDropdownBox] (tried for 15 second(s) with 500 milliseconds interval)
Build info: version: '4.27.0', revision: 'd6e718d134'
System info: os.name: 'Windows 11', os.arch: 'amd64', os.version: '10.0', java.version: '21.0.10'
Driver info: org.openqa.selenium.chrome.ChromeDriver
Capabilities {acceptInsecureCerts: false, browserName: chrome, browserVersion: 148.0.7778.217, chrome: {chromedriverVersion: 148.0.7778.178 (d096af1c9e9..., userDataDir: C:\Users\shree\AppData\Loca...}, fedcm:accounts: true, goog:chromeOptions: {debuggerAddress: localhost:55319}, goog:processID: 64828, networkConnectionEnabled: false, pageLoadStrategy: normal, platformName: windows, proxy: Proxy(), se:cdp: ws://localhost:55319/devtoo..., se:cdpVersion: 148.0.7778.217, setWindowRect: true, strictFileInteractability: false, timeouts: {implicit: 0, pageLoad: 300000, script: 30000}, unhandledPromptBehavior: dismiss and notify, webauthn:extension:credBlob: true, webauthn:extension:largeBlob: true, webauthn:extension:minPinLength: true, webauthn:extension:prf: true, webauthn:virtualAuthenticators: true}
Session ID: e5f20b091d6569d370dec9a7b295199a
	at org.openqa.selenium.support.ui.WebDriverWait.timeoutException(WebDriverWait.java:84) ~[selenium-support-4.27.0.jar:?]
	at org.openqa.selenium.support.ui.FluentWait.until(FluentWait.java:228) ~[selenium-support-4.27.0.jar:?]
	at com.krce.amazon.pages.HomePage.selectCategory(HomePage.java:46) ~[classes/:?]
	at com.krce.amazon.pages.HomePage.searchProduct(HomePage.java:68) ~[classes/:?]
	at com.krce.amazon.tests.AmazonProductSearchTest.testAmazonProductSearch(AmazonProductSearchTest.java:75) ~[test-classes/:?]
	at java.base/jdk.internal.reflect.DirectMethodHandleAccessor.invoke(DirectMethodHandleAccessor.java:103) ~[?:?]
	at java.base/java.lang.reflect.Method.invoke(Method.java:580) ~[?:?]
	at org.testng.internal.invokers.MethodInvocationHelper.invokeMethod(MethodInvocationHelper.java:141) ~[testng-7.10.2.jar:7.10.2]
	at org.testng.internal.invokers.TestInvoker.invokeMethod(TestInvoker.java:686) ~[testng-7.10.2.jar:7.10.2]
	at org.testng.internal.invokers.TestInvoker.retryFailed(TestInvoker.java:269) ~[testng-7.10.2.jar:7.10.2]
	at org.testng.internal.invokers.MethodRunner.runInSequence(MethodRunner.java:76) ~[testng-7.10.2.jar:7.10.2]
	at org.testng.internal.invokers.TestInvoker$MethodInvocationAgent.invoke(TestInvoker.java:992) ~[testng-7.10.2.jar:7.10.2]
	at org.testng.internal.invokers.TestInvoker.invokeTestMethods(TestInvoker.java:203) ~[testng-7.10.2.jar:7.10.2]
	at org.testng.internal.invokers.TestMethodWorker.invokeTestMethods(TestMethodWorker.java:154) ~[testng-7.10.2.jar:7.10.2]
	at org.testng.internal.invokers.TestMethodWorker.run(TestMethodWorker.java:134) ~[testng-7.10.2.jar:7.10.2]
	at java.base/java.util.ArrayList.forEach(ArrayList.java:1596) [?:?]
	at org.testng.TestRunner.privateRun(TestRunner.java:739) [testng-7.10.2.jar:7.10.2]
	at org.testng.TestRunner.run(TestRunner.java:614) [testng-7.10.2.jar:7.10.2]
	at org.testng.SuiteRunner.runTest(SuiteRunner.java:421) [testng-7.10.2.jar:7.10.2]
	at org.testng.SuiteRunner.runSequentially(SuiteRunner.java:413) [testng-7.10.2.jar:7.10.2]
	at org.testng.SuiteRunner.privateRun(SuiteRunner.java:373) [testng-7.10.2.jar:7.10.2]
	at org.testng.SuiteRunner.run(SuiteRunner.java:312) [testng-7.10.2.jar:7.10.2]
	at org.testng.SuiteRunnerWorker.runSuite(SuiteRunnerWorker.java:52) [testng-7.10.2.jar:7.10.2]
	at org.testng.SuiteRunnerWorker.run(SuiteRunnerWorker.java:95) [testng-7.10.2.jar:7.10.2]
	at org.testng.TestNG.runSuitesSequentially(TestNG.java:1274) [testng-7.10.2.jar:7.10.2]
	at org.testng.TestNG.runSuitesLocally(TestNG.java:1208) [testng-7.10.2.jar:7.10.2]
	at org.testng.TestNG.runSuites(TestNG.java:1112) [testng-7.10.2.jar:7.10.2]
	at org.testng.TestNG.run(TestNG.java:1079) [testng-7.10.2.jar:7.10.2]
	at org.apache.maven.surefire.testng.TestNGExecutor.run(TestNGExecutor.java:308) [surefire-testng-3.5.2.jar:3.5.2]
	at org.apache.maven.surefire.testng.TestNGXmlTestSuite.execute(TestNGXmlTestSuite.java:71) [surefire-testng-3.5.2.jar:3.5.2]
	at org.apache.maven.surefire.testng.TestNGProvider.invoke(TestNGProvider.java:113) [surefire-testng-3.5.2.jar:3.5.2]
	at org.apache.maven.surefire.booter.ForkedBooter.runSuitesInProcess(ForkedBooter.java:385) [surefire-booter-3.5.2.jar:3.5.2]
	at org.apache.maven.surefire.booter.ForkedBooter.execute(ForkedBooter.java:162) [surefire-booter-3.5.2.jar:3.5.2]
	at org.apache.maven.surefire.booter.ForkedBooter.run(ForkedBooter.java:507) [surefire-booter-3.5.2.jar:3.5.2]
	at org.apache.maven.surefire.booter.ForkedBooter.main(ForkedBooter.java:495) [surefire-booter-3.5.2.jar:3.5.2]
2026-06-04 12:39:07.008 [main] INFO  com.krce.amazon.utilities.ScreenshotUtil - Screenshot saved: C:\Users\shree\IdeaProjects\Amazon\output\screenshots\Failure_toys_under_500_20260604_123903.png
2026-06-04 12:39:07.113 [main] ERROR com.krce.amazon.utilities.ExtentTestNGListener - Test failed: testAmazonProductSearch - java.lang.AssertionError: Test failed: Expected condition failed: waiting for element to be clickable: [[ChromeDriver: chrome on windows (e5f20b091d6569d370dec9a7b295199a)] -> id: searchDropdownBox] (tried for 15 second(s) with 500 milliseconds interval)
Build info: version: '4.27.0', revision: 'd6e718d134'
System info: os.name: 'Windows 11', os.arch: 'amd64', os.version: '10.0', java.version: '21.0.10'
Driver info: org.openqa.selenium.chrome.ChromeDriver
Capabilities {acceptInsecureCerts: false, browserName: chrome, browserVersion: 148.0.7778.217, chrome: {chromedriverVersion: 148.0.7778.178 (d096af1c9e9..., userDataDir: C:\Users\shree\AppData\Loca...}, fedcm:accounts: true, goog:chromeOptions: {debuggerAddress: localhost:55319}, goog:processID: 64828, networkConnectionEnabled: false, pageLoadStrategy: normal, platformName: windows, proxy: Proxy(), se:cdp: ws://localhost:55319/devtoo..., se:cdpVersion: 148.0.7778.217, setWindowRect: true, strictFileInteractability: false, timeouts: {implicit: 0, pageLoad: 300000, script: 30000}, unhandledPromptBehavior: dismiss and notify, webauthn:extension:credBlob: true, webauthn:extension:largeBlob: true, webauthn:extension:minPinLength: true, webauthn:extension:prf: true, webauthn:virtualAuthenticators: true}
Session ID: e5f20b091d6569d370dec9a7b295199a
2026-06-04 12:39:10.949 [main] INFO  com.krce.amazon.utilities.ScreenshotUtil - Screenshot saved: C:\Users\shree\IdeaProjects\Amazon\output\screenshots\AfterTest__20260604_123907.png
2026-06-04 12:39:18.252 [main] INFO  com.krce.amazon.base.BaseTest - WebDriver quit successfully
2026-06-04 12:39:18.263 [main] INFO  com.krce.amazon.base.BaseTest - Initializing browser: chrome, headless: false
2026-06-04 12:39:33.566 [main] INFO  com.krce.amazon.base.BaseTest - WebDriver initialized for browser: chrome
2026-06-04 12:39:33.593 [main] INFO  com.krce.amazon.utilities.ExtentTestNGListener - Test started: testAmazonProductSearch
2026-06-04 12:39:33.600 [main] INFO  com.krce.amazon.tests.AmazonProductSearchTest - Starting test for keyword: toys above 500
2026-06-04 12:39:43.596 [main] INFO  com.krce.amazon.pages.HomePage - Navigated to Amazon URL: https://www.amazon.in
2026-06-04 12:39:58.797 [main] ERROR com.krce.amazon.tests.AmazonProductSearchTest - Test failed for keyword: toys above 500
org.openqa.selenium.TimeoutException: Expected condition failed: waiting for element to be clickable: [[ChromeDriver: chrome on windows (9c7e04c7fd8e85fbda953977e1a96531)] -> id: searchDropdownBox] (tried for 15 second(s) with 500 milliseconds interval)
Build info: version: '4.27.0', revision: 'd6e718d134'
System info: os.name: 'Windows 11', os.arch: 'amd64', os.version: '10.0', java.version: '21.0.10'
Driver info: org.openqa.selenium.chrome.ChromeDriver
Capabilities {acceptInsecureCerts: false, browserName: chrome, browserVersion: 148.0.7778.217, chrome: {chromedriverVersion: 148.0.7778.178 (d096af1c9e9..., userDataDir: C:\Users\shree\AppData\Loca...}, fedcm:accounts: true, goog:chromeOptions: {debuggerAddress: localhost:58396}, goog:processID: 49144, networkConnectionEnabled: false, pageLoadStrategy: normal, platformName: windows, proxy: Proxy(), se:cdp: ws://localhost:58396/devtoo..., se:cdpVersion: 148.0.7778.217, setWindowRect: true, strictFileInteractability: false, timeouts: {implicit: 0, pageLoad: 300000, script: 30000}, unhandledPromptBehavior: dismiss and notify, webauthn:extension:credBlob: true, webauthn:extension:largeBlob: true, webauthn:extension:minPinLength: true, webauthn:extension:prf: true, webauthn:virtualAuthenticators: true}
Session ID: 9c7e04c7fd8e85fbda953977e1a96531
	at org.openqa.selenium.support.ui.WebDriverWait.timeoutException(WebDriverWait.java:84) ~[selenium-support-4.27.0.jar:?]
	at org.openqa.selenium.support.ui.FluentWait.until(FluentWait.java:228) ~[selenium-support-4.27.0.jar:?]
	at com.krce.amazon.pages.HomePage.selectCategory(HomePage.java:46) ~[classes/:?]
	at com.krce.amazon.pages.HomePage.searchProduct(HomePage.java:68) ~[classes/:?]
	at com.krce.amazon.tests.AmazonProductSearchTest.testAmazonProductSearch(AmazonProductSearchTest.java:75) ~[test-classes/:?]
	at java.base/jdk.internal.reflect.DirectMethodHandleAccessor.invoke(DirectMethodHandleAccessor.java:103) ~[?:?]
	at java.base/java.lang.reflect.Method.invoke(Method.java:580) ~[?:?]
	at org.testng.internal.invokers.MethodInvocationHelper.invokeMethod(MethodInvocationHelper.java:141) ~[testng-7.10.2.jar:7.10.2]
	at org.testng.internal.invokers.TestInvoker.invokeMethod(TestInvoker.java:686) ~[testng-7.10.2.jar:7.10.2]
	at org.testng.internal.invokers.TestInvoker.invokeTestMethod(TestInvoker.java:230) ~[testng-7.10.2.jar:7.10.2]
	at org.testng.internal.invokers.MethodRunner.runInSequence(MethodRunner.java:63) ~[testng-7.10.2.jar:7.10.2]
	at org.testng.internal.invokers.TestInvoker$MethodInvocationAgent.invoke(TestInvoker.java:992) ~[testng-7.10.2.jar:7.10.2]
	at org.testng.internal.invokers.TestInvoker.invokeTestMethods(TestInvoker.java:203) ~[testng-7.10.2.jar:7.10.2]
	at org.testng.internal.invokers.TestMethodWorker.invokeTestMethods(TestMethodWorker.java:154) ~[testng-7.10.2.jar:7.10.2]
	at org.testng.internal.invokers.TestMethodWorker.run(TestMethodWorker.java:134) ~[testng-7.10.2.jar:7.10.2]
	at java.base/java.util.ArrayList.forEach(ArrayList.java:1596) [?:?]
	at org.testng.TestRunner.privateRun(TestRunner.java:739) [testng-7.10.2.jar:7.10.2]
	at org.testng.TestRunner.run(TestRunner.java:614) [testng-7.10.2.jar:7.10.2]
	at org.testng.SuiteRunner.runTest(SuiteRunner.java:421) [testng-7.10.2.jar:7.10.2]
	at org.testng.SuiteRunner.runSequentially(SuiteRunner.java:413) [testng-7.10.2.jar:7.10.2]
	at org.testng.SuiteRunner.privateRun(SuiteRunner.java:373) [testng-7.10.2.jar:7.10.2]
	at org.testng.SuiteRunner.run(SuiteRunner.java:312) [testng-7.10.2.jar:7.10.2]
	at org.testng.SuiteRunnerWorker.runSuite(SuiteRunnerWorker.java:52) [testng-7.10.2.jar:7.10.2]
	at org.testng.SuiteRunnerWorker.run(SuiteRunnerWorker.java:95) [testng-7.10.2.jar:7.10.2]
	at org.testng.TestNG.runSuitesSequentially(TestNG.java:1274) [testng-7.10.2.jar:7.10.2]
	at org.testng.TestNG.runSuitesLocally(TestNG.java:1208) [testng-7.10.2.jar:7.10.2]
	at org.testng.TestNG.runSuites(TestNG.java:1112) [testng-7.10.2.jar:7.10.2]
	at org.testng.TestNG.run(TestNG.java:1079) [testng-7.10.2.jar:7.10.2]
	at org.apache.maven.surefire.testng.TestNGExecutor.run(TestNGExecutor.java:308) [surefire-testng-3.5.2.jar:3.5.2]
	at org.apache.maven.surefire.testng.TestNGXmlTestSuite.execute(TestNGXmlTestSuite.java:71) [surefire-testng-3.5.2.jar:3.5.2]
	at org.apache.maven.surefire.testng.TestNGProvider.invoke(TestNGProvider.java:113) [surefire-testng-3.5.2.jar:3.5.2]
	at org.apache.maven.surefire.booter.ForkedBooter.runSuitesInProcess(ForkedBooter.java:385) [surefire-booter-3.5.2.jar:3.5.2]
	at org.apache.maven.surefire.booter.ForkedBooter.execute(ForkedBooter.java:162) [surefire-booter-3.5.2.jar:3.5.2]
	at org.apache.maven.surefire.booter.ForkedBooter.run(ForkedBooter.java:507) [surefire-booter-3.5.2.jar:3.5.2]
	at org.apache.maven.surefire.booter.ForkedBooter.main(ForkedBooter.java:495) [surefire-booter-3.5.2.jar:3.5.2]
2026-06-04 12:40:01.887 [main] INFO  com.krce.amazon.utilities.ScreenshotUtil - Screenshot saved: C:\Users\shree\IdeaProjects\Amazon\output\screenshots\Failure_toys_above_500_20260604_123958.png
2026-06-04 12:40:01.904 [main] INFO  com.krce.amazon.utilities.RetryAnalyzer - Retrying test 'testAmazonProductSearch' - attempt 1/2
2026-06-04 12:40:01.907 [main] WARN  com.krce.amazon.utilities.ExtentTestNGListener - Test skipped: testAmazonProductSearch
2026-06-04 12:40:03.985 [main] INFO  com.krce.amazon.utilities.ScreenshotUtil - Screenshot saved: C:\Users\shree\IdeaProjects\Amazon\output\screenshots\AfterTest__20260604_124001.png
2026-06-04 12:40:22.119 [main] INFO  com.krce.amazon.base.BaseTest - WebDriver quit successfully
2026-06-04 12:40:22.146 [main] INFO  com.krce.amazon.base.BaseTest - Initializing browser: chrome, headless: false
2026-06-04 12:40:33.032 [main] INFO  com.krce.amazon.base.BaseTest - WebDriver initialized for browser: chrome
2026-06-04 12:40:33.057 [main] INFO  com.krce.amazon.utilities.ExtentTestNGListener - Test started: testAmazonProductSearch
2026-06-04 12:40:33.063 [main] INFO  com.krce.amazon.tests.AmazonProductSearchTest - Starting test for keyword: toys above 500
2026-06-04 12:40:48.744 [main] INFO  com.krce.amazon.pages.HomePage - Navigated to Amazon URL: https://www.amazon.in
2026-06-04 12:41:04.248 [main] ERROR com.krce.amazon.tests.AmazonProductSearchTest - Test failed for keyword: toys above 500
org.openqa.selenium.TimeoutException: Expected condition failed: waiting for element to be clickable: [[ChromeDriver: chrome on windows (e65ef513b7de57eed1983a29f01b065a)] -> id: searchDropdownBox] (tried for 15 second(s) with 500 milliseconds interval)
Build info: version: '4.27.0', revision: 'd6e718d134'
System info: os.name: 'Windows 11', os.arch: 'amd64', os.version: '10.0', java.version: '21.0.10'
Driver info: org.openqa.selenium.chrome.ChromeDriver
Capabilities {acceptInsecureCerts: false, browserName: chrome, browserVersion: 148.0.7778.217, chrome: {chromedriverVersion: 148.0.7778.178 (d096af1c9e9..., userDataDir: C:\Users\shree\AppData\Loca...}, fedcm:accounts: true, goog:chromeOptions: {debuggerAddress: localhost:49883}, goog:processID: 49492, networkConnectionEnabled: false, pageLoadStrategy: normal, platformName: windows, proxy: Proxy(), se:cdp: ws://localhost:49883/devtoo..., se:cdpVersion: 148.0.7778.217, setWindowRect: true, strictFileInteractability: false, timeouts: {implicit: 0, pageLoad: 300000, script: 30000}, unhandledPromptBehavior: dismiss and notify, webauthn:extension:credBlob: true, webauthn:extension:largeBlob: true, webauthn:extension:minPinLength: true, webauthn:extension:prf: true, webauthn:virtualAuthenticators: true}
Session ID: e65ef513b7de57eed1983a29f01b065a
	at org.openqa.selenium.support.ui.WebDriverWait.timeoutException(WebDriverWait.java:84) ~[selenium-support-4.27.0.jar:?]
	at org.openqa.selenium.support.ui.FluentWait.until(FluentWait.java:228) ~[selenium-support-4.27.0.jar:?]
	at com.krce.amazon.pages.HomePage.selectCategory(HomePage.java:46) ~[classes/:?]
	at com.krce.amazon.pages.HomePage.searchProduct(HomePage.java:68) ~[classes/:?]
	at com.krce.amazon.tests.AmazonProductSearchTest.testAmazonProductSearch(AmazonProductSearchTest.java:75) ~[test-classes/:?]
	at java.base/jdk.internal.reflect.DirectMethodHandleAccessor.invoke(DirectMethodHandleAccessor.java:103) ~[?:?]
	at java.base/java.lang.reflect.Method.invoke(Method.java:580) ~[?:?]
	at org.testng.internal.invokers.MethodInvocationHelper.invokeMethod(MethodInvocationHelper.java:141) ~[testng-7.10.2.jar:7.10.2]
	at org.testng.internal.invokers.TestInvoker.invokeMethod(TestInvoker.java:686) ~[testng-7.10.2.jar:7.10.2]
	at org.testng.internal.invokers.TestInvoker.retryFailed(TestInvoker.java:269) ~[testng-7.10.2.jar:7.10.2]
	at org.testng.internal.invokers.MethodRunner.runInSequence(MethodRunner.java:76) ~[testng-7.10.2.jar:7.10.2]
	at org.testng.internal.invokers.TestInvoker$MethodInvocationAgent.invoke(TestInvoker.java:992) ~[testng-7.10.2.jar:7.10.2]
	at org.testng.internal.invokers.TestInvoker.invokeTestMethods(TestInvoker.java:203) ~[testng-7.10.2.jar:7.10.2]
	at org.testng.internal.invokers.TestMethodWorker.invokeTestMethods(TestMethodWorker.java:154) ~[testng-7.10.2.jar:7.10.2]
	at org.testng.internal.invokers.TestMethodWorker.run(TestMethodWorker.java:134) ~[testng-7.10.2.jar:7.10.2]
	at java.base/java.util.ArrayList.forEach(ArrayList.java:1596) [?:?]
	at org.testng.TestRunner.privateRun(TestRunner.java:739) [testng-7.10.2.jar:7.10.2]
	at org.testng.TestRunner.run(TestRunner.java:614) [testng-7.10.2.jar:7.10.2]
	at org.testng.SuiteRunner.runTest(SuiteRunner.java:421) [testng-7.10.2.jar:7.10.2]
	at org.testng.SuiteRunner.runSequentially(SuiteRunner.java:413) [testng-7.10.2.jar:7.10.2]
	at org.testng.SuiteRunner.privateRun(SuiteRunner.java:373) [testng-7.10.2.jar:7.10.2]
	at org.testng.SuiteRunner.run(SuiteRunner.java:312) [testng-7.10.2.jar:7.10.2]
	at org.testng.SuiteRunnerWorker.runSuite(SuiteRunnerWorker.java:52) [testng-7.10.2.jar:7.10.2]
	at org.testng.SuiteRunnerWorker.run(SuiteRunnerWorker.java:95) [testng-7.10.2.jar:7.10.2]
	at org.testng.TestNG.runSuitesSequentially(TestNG.java:1274) [testng-7.10.2.jar:7.10.2]
	at org.testng.TestNG.runSuitesLocally(TestNG.java:1208) [testng-7.10.2.jar:7.10.2]
	at org.testng.TestNG.runSuites(TestNG.java:1112) [testng-7.10.2.jar:7.10.2]
	at org.testng.TestNG.run(TestNG.java:1079) [testng-7.10.2.jar:7.10.2]
	at org.apache.maven.surefire.testng.TestNGExecutor.run(TestNGExecutor.java:308) [surefire-testng-3.5.2.jar:3.5.2]
	at org.apache.maven.surefire.testng.TestNGXmlTestSuite.execute(TestNGXmlTestSuite.java:71) [surefire-testng-3.5.2.jar:3.5.2]
	at org.apache.maven.surefire.testng.TestNGProvider.invoke(TestNGProvider.java:113) [surefire-testng-3.5.2.jar:3.5.2]
	at org.apache.maven.surefire.booter.ForkedBooter.runSuitesInProcess(ForkedBooter.java:385) [surefire-booter-3.5.2.jar:3.5.2]
	at org.apache.maven.surefire.booter.ForkedBooter.execute(ForkedBooter.java:162) [surefire-booter-3.5.2.jar:3.5.2]
	at org.apache.maven.surefire.booter.ForkedBooter.run(ForkedBooter.java:507) [surefire-booter-3.5.2.jar:3.5.2]
	at org.apache.maven.surefire.booter.ForkedBooter.main(ForkedBooter.java:495) [surefire-booter-3.5.2.jar:3.5.2]
2026-06-04 12:41:06.765 [main] INFO  com.krce.amazon.utilities.ScreenshotUtil - Screenshot saved: C:\Users\shree\IdeaProjects\Amazon\output\screenshots\Failure_toys_above_500_20260604_124104.png
2026-06-04 12:41:06.815 [main] INFO  com.krce.amazon.utilities.RetryAnalyzer - Retrying test 'testAmazonProductSearch' - attempt 2/2
2026-06-04 12:41:06.826 [main] WARN  com.krce.amazon.utilities.ExtentTestNGListener - Test skipped: testAmazonProductSearch
2026-06-04 12:41:08.674 [main] INFO  com.krce.amazon.utilities.ScreenshotUtil - Screenshot saved: C:\Users\shree\IdeaProjects\Amazon\output\screenshots\AfterTest__20260604_124106.png
2026-06-04 12:41:19.157 [main] INFO  com.krce.amazon.base.BaseTest - WebDriver quit successfully
2026-06-04 12:41:19.166 [main] INFO  com.krce.amazon.base.BaseTest - Initializing browser: chrome, headless: false
2026-06-04 12:41:25.319 [main] INFO  com.krce.amazon.base.BaseTest - WebDriver initialized for browser: chrome
2026-06-04 12:41:25.332 [main] INFO  com.krce.amazon.utilities.ExtentTestNGListener - Test started: testAmazonProductSearch
2026-06-04 12:41:25.340 [main] INFO  com.krce.amazon.tests.AmazonProductSearchTest - Starting test for keyword: toys above 500
2026-06-04 12:41:36.932 [main] INFO  com.krce.amazon.pages.HomePage - Navigated to Amazon URL: https://www.amazon.in
2026-06-04 12:41:52.227 [main] ERROR com.krce.amazon.tests.AmazonProductSearchTest - Test failed for keyword: toys above 500
org.openqa.selenium.TimeoutException: Expected condition failed: waiting for element to be clickable: [[ChromeDriver: chrome on windows (6323243709d6f560c09d766506674bd6)] -> id: searchDropdownBox] (tried for 15 second(s) with 500 milliseconds interval)
Build info: version: '4.27.0', revision: 'd6e718d134'
System info: os.name: 'Windows 11', os.arch: 'amd64', os.version: '10.0', java.version: '21.0.10'
Driver info: org.openqa.selenium.chrome.ChromeDriver
Capabilities {acceptInsecureCerts: false, browserName: chrome, browserVersion: 148.0.7778.217, chrome: {chromedriverVersion: 148.0.7778.178 (d096af1c9e9..., userDataDir: C:\Users\shree\AppData\Loca...}, fedcm:accounts: true, goog:chromeOptions: {debuggerAddress: localhost:58475}, goog:processID: 26532, networkConnectionEnabled: false, pageLoadStrategy: normal, platformName: windows, proxy: Proxy(), se:cdp: ws://localhost:58475/devtoo..., se:cdpVersion: 148.0.7778.217, setWindowRect: true, strictFileInteractability: false, timeouts: {implicit: 0, pageLoad: 300000, script: 30000}, unhandledPromptBehavior: dismiss and notify, webauthn:extension:credBlob: true, webauthn:extension:largeBlob: true, webauthn:extension:minPinLength: true, webauthn:extension:prf: true, webauthn:virtualAuthenticators: true}
Session ID: 6323243709d6f560c09d766506674bd6
	at org.openqa.selenium.support.ui.WebDriverWait.timeoutException(WebDriverWait.java:84) ~[selenium-support-4.27.0.jar:?]
	at org.openqa.selenium.support.ui.FluentWait.until(FluentWait.java:228) ~[selenium-support-4.27.0.jar:?]
	at com.krce.amazon.pages.HomePage.selectCategory(HomePage.java:46) ~[classes/:?]
	at com.krce.amazon.pages.HomePage.searchProduct(HomePage.java:68) ~[classes/:?]
	at com.krce.amazon.tests.AmazonProductSearchTest.testAmazonProductSearch(AmazonProductSearchTest.java:75) ~[test-classes/:?]
	at java.base/jdk.internal.reflect.DirectMethodHandleAccessor.invoke(DirectMethodHandleAccessor.java:103) ~[?:?]
	at java.base/java.lang.reflect.Method.invoke(Method.java:580) ~[?:?]
	at org.testng.internal.invokers.MethodInvocationHelper.invokeMethod(MethodInvocationHelper.java:141) ~[testng-7.10.2.jar:7.10.2]
	at org.testng.internal.invokers.TestInvoker.invokeMethod(TestInvoker.java:686) ~[testng-7.10.2.jar:7.10.2]
	at org.testng.internal.invokers.TestInvoker.retryFailed(TestInvoker.java:269) ~[testng-7.10.2.jar:7.10.2]
	at org.testng.internal.invokers.MethodRunner.runInSequence(MethodRunner.java:76) ~[testng-7.10.2.jar:7.10.2]
	at org.testng.internal.invokers.TestInvoker$MethodInvocationAgent.invoke(TestInvoker.java:992) ~[testng-7.10.2.jar:7.10.2]
	at org.testng.internal.invokers.TestInvoker.invokeTestMethods(TestInvoker.java:203) ~[testng-7.10.2.jar:7.10.2]
	at org.testng.internal.invokers.TestMethodWorker.invokeTestMethods(TestMethodWorker.java:154) ~[testng-7.10.2.jar:7.10.2]
	at org.testng.internal.invokers.TestMethodWorker.run(TestMethodWorker.java:134) ~[testng-7.10.2.jar:7.10.2]
	at java.base/java.util.ArrayList.forEach(ArrayList.java:1596) [?:?]
	at org.testng.TestRunner.privateRun(TestRunner.java:739) [testng-7.10.2.jar:7.10.2]
	at org.testng.TestRunner.run(TestRunner.java:614) [testng-7.10.2.jar:7.10.2]
	at org.testng.SuiteRunner.runTest(SuiteRunner.java:421) [testng-7.10.2.jar:7.10.2]
	at org.testng.SuiteRunner.runSequentially(SuiteRunner.java:413) [testng-7.10.2.jar:7.10.2]
	at org.testng.SuiteRunner.privateRun(SuiteRunner.java:373) [testng-7.10.2.jar:7.10.2]
	at org.testng.SuiteRunner.run(SuiteRunner.java:312) [testng-7.10.2.jar:7.10.2]
	at org.testng.SuiteRunnerWorker.runSuite(SuiteRunnerWorker.java:52) [testng-7.10.2.jar:7.10.2]
	at org.testng.SuiteRunnerWorker.run(SuiteRunnerWorker.java:95) [testng-7.10.2.jar:7.10.2]
	at org.testng.TestNG.runSuitesSequentially(TestNG.java:1274) [testng-7.10.2.jar:7.10.2]
	at org.testng.TestNG.runSuitesLocally(TestNG.java:1208) [testng-7.10.2.jar:7.10.2]
	at org.testng.TestNG.runSuites(TestNG.java:1112) [testng-7.10.2.jar:7.10.2]
	at org.testng.TestNG.run(TestNG.java:1079) [testng-7.10.2.jar:7.10.2]
	at org.apache.maven.surefire.testng.TestNGExecutor.run(TestNGExecutor.java:308) [surefire-testng-3.5.2.jar:3.5.2]
	at org.apache.maven.surefire.testng.TestNGXmlTestSuite.execute(TestNGXmlTestSuite.java:71) [surefire-testng-3.5.2.jar:3.5.2]
	at org.apache.maven.surefire.testng.TestNGProvider.invoke(TestNGProvider.java:113) [surefire-testng-3.5.2.jar:3.5.2]
	at org.apache.maven.surefire.booter.ForkedBooter.runSuitesInProcess(ForkedBooter.java:385) [surefire-booter-3.5.2.jar:3.5.2]
	at org.apache.maven.surefire.booter.ForkedBooter.execute(ForkedBooter.java:162) [surefire-booter-3.5.2.jar:3.5.2]
	at org.apache.maven.surefire.booter.ForkedBooter.run(ForkedBooter.java:507) [surefire-booter-3.5.2.jar:3.5.2]
	at org.apache.maven.surefire.booter.ForkedBooter.main(ForkedBooter.java:495) [surefire-booter-3.5.2.jar:3.5.2]
2026-06-04 12:41:54.084 [main] INFO  com.krce.amazon.utilities.ScreenshotUtil - Screenshot saved: C:\Users\shree\IdeaProjects\Amazon\output\screenshots\Failure_toys_above_500_20260604_124152.png
2026-06-04 12:41:54.119 [main] ERROR com.krce.amazon.utilities.ExtentTestNGListener - Test failed: testAmazonProductSearch - java.lang.AssertionError: Test failed: Expected condition failed: waiting for element to be clickable: [[ChromeDriver: chrome on windows (6323243709d6f560c09d766506674bd6)] -> id: searchDropdownBox] (tried for 15 second(s) with 500 milliseconds interval)
Build info: version: '4.27.0', revision: 'd6e718d134'
System info: os.name: 'Windows 11', os.arch: 'amd64', os.version: '10.0', java.version: '21.0.10'
Driver info: org.openqa.selenium.chrome.ChromeDriver
Capabilities {acceptInsecureCerts: false, browserName: chrome, browserVersion: 148.0.7778.217, chrome: {chromedriverVersion: 148.0.7778.178 (d096af1c9e9..., userDataDir: C:\Users\shree\AppData\Loca...}, fedcm:accounts: true, goog:chromeOptions: {debuggerAddress: localhost:58475}, goog:processID: 26532, networkConnectionEnabled: false, pageLoadStrategy: normal, platformName: windows, proxy: Proxy(), se:cdp: ws://localhost:58475/devtoo..., se:cdpVersion: 148.0.7778.217, setWindowRect: true, strictFileInteractability: false, timeouts: {implicit: 0, pageLoad: 300000, script: 30000}, unhandledPromptBehavior: dismiss and notify, webauthn:extension:credBlob: true, webauthn:extension:largeBlob: true, webauthn:extension:minPinLength: true, webauthn:extension:prf: true, webauthn:virtualAuthenticators: true}
Session ID: 6323243709d6f560c09d766506674bd6
2026-06-04 12:41:56.648 [main] INFO  com.krce.amazon.utilities.ScreenshotUtil - Screenshot saved: C:\Users\shree\IdeaProjects\Amazon\output\screenshots\AfterTest__20260604_124154.png
2026-06-04 12:42:08.387 [main] INFO  com.krce.amazon.base.BaseTest - WebDriver quit successfully
2026-06-04 12:42:08.403 [main] INFO  com.krce.amazon.base.BaseTest - Initializing browser: chrome, headless: false
2026-06-04 12:42:12.507 [main] INFO  com.krce.amazon.base.BaseTest - WebDriver initialized for browser: chrome
2026-06-04 12:42:12.538 [main] INFO  com.krce.amazon.utilities.ExtentTestNGListener - Test started: testAmazonProductSearch
2026-06-04 12:42:12.542 [main] INFO  com.krce.amazon.tests.AmazonProductSearchTest - Starting test for keyword: toys for kids
2026-06-04 12:42:26.988 [main] INFO  com.krce.amazon.pages.HomePage - Navigated to Amazon URL: https://www.amazon.in
2026-06-04 12:42:47.724 [main] ERROR com.krce.amazon.tests.AmazonProductSearchTest - Test failed for keyword: toys for kids
org.openqa.selenium.TimeoutException: Expected condition failed: waiting for element to be clickable: [[ChromeDriver: chrome on windows (5580107a931dfba2c997b118cd9f47d2)] -> id: searchDropdownBox] (tried for 15 second(s) with 500 milliseconds interval)
Build info: version: '4.27.0', revision: 'd6e718d134'
System info: os.name: 'Windows 11', os.arch: 'amd64', os.version: '10.0', java.version: '21.0.10'
Driver info: org.openqa.selenium.chrome.ChromeDriver
Capabilities {acceptInsecureCerts: false, browserName: chrome, browserVersion: 148.0.7778.217, chrome: {chromedriverVersion: 148.0.7778.178 (d096af1c9e9..., userDataDir: C:\Users\shree\AppData\Loca...}, fedcm:accounts: true, goog:chromeOptions: {debuggerAddress: localhost:62268}, goog:processID: 47160, networkConnectionEnabled: false, pageLoadStrategy: normal, platformName: windows, proxy: Proxy(), se:cdp: ws://localhost:62268/devtoo..., se:cdpVersion: 148.0.7778.217, setWindowRect: true, strictFileInteractability: false, timeouts: {implicit: 0, pageLoad: 300000, script: 30000}, unhandledPromptBehavior: dismiss and notify, webauthn:extension:credBlob: true, webauthn:extension:largeBlob: true, webauthn:extension:minPinLength: true, webauthn:extension:prf: true, webauthn:virtualAuthenticators: true}
Session ID: 5580107a931dfba2c997b118cd9f47d2
	at org.openqa.selenium.support.ui.WebDriverWait.timeoutException(WebDriverWait.java:84) ~[selenium-support-4.27.0.jar:?]
	at org.openqa.selenium.support.ui.FluentWait.until(FluentWait.java:228) ~[selenium-support-4.27.0.jar:?]
	at com.krce.amazon.pages.HomePage.selectCategory(HomePage.java:46) ~[classes/:?]
	at com.krce.amazon.pages.HomePage.searchProduct(HomePage.java:68) ~[classes/:?]
	at com.krce.amazon.tests.AmazonProductSearchTest.testAmazonProductSearch(AmazonProductSearchTest.java:75) ~[test-classes/:?]
	at java.base/jdk.internal.reflect.DirectMethodHandleAccessor.invoke(DirectMethodHandleAccessor.java:103) ~[?:?]
	at java.base/java.lang.reflect.Method.invoke(Method.java:580) ~[?:?]
	at org.testng.internal.invokers.MethodInvocationHelper.invokeMethod(MethodInvocationHelper.java:141) ~[testng-7.10.2.jar:7.10.2]
	at org.testng.internal.invokers.TestInvoker.invokeMethod(TestInvoker.java:686) ~[testng-7.10.2.jar:7.10.2]
	at org.testng.internal.invokers.TestInvoker.invokeTestMethod(TestInvoker.java:230) ~[testng-7.10.2.jar:7.10.2]
	at org.testng.internal.invokers.MethodRunner.runInSequence(MethodRunner.java:63) ~[testng-7.10.2.jar:7.10.2]
	at org.testng.internal.invokers.TestInvoker$MethodInvocationAgent.invoke(TestInvoker.java:992) ~[testng-7.10.2.jar:7.10.2]
	at org.testng.internal.invokers.TestInvoker.invokeTestMethods(TestInvoker.java:203) ~[testng-7.10.2.jar:7.10.2]
	at org.testng.internal.invokers.TestMethodWorker.invokeTestMethods(TestMethodWorker.java:154) ~[testng-7.10.2.jar:7.10.2]
	at org.testng.internal.invokers.TestMethodWorker.run(TestMethodWorker.java:134) ~[testng-7.10.2.jar:7.10.2]
	at java.base/java.util.ArrayList.forEach(ArrayList.java:1596) [?:?]
	at org.testng.TestRunner.privateRun(TestRunner.java:739) [testng-7.10.2.jar:7.10.2]
	at org.testng.TestRunner.run(TestRunner.java:614) [testng-7.10.2.jar:7.10.2]
	at org.testng.SuiteRunner.runTest(SuiteRunner.java:421) [testng-7.10.2.jar:7.10.2]
	at org.testng.SuiteRunner.runSequentially(SuiteRunner.java:413) [testng-7.10.2.jar:7.10.2]
	at org.testng.SuiteRunner.privateRun(SuiteRunner.java:373) [testng-7.10.2.jar:7.10.2]
	at org.testng.SuiteRunner.run(SuiteRunner.java:312) [testng-7.10.2.jar:7.10.2]
	at org.testng.SuiteRunnerWorker.runSuite(SuiteRunnerWorker.java:52) [testng-7.10.2.jar:7.10.2]
	at org.testng.SuiteRunnerWorker.run(SuiteRunnerWorker.java:95) [testng-7.10.2.jar:7.10.2]
	at org.testng.TestNG.runSuitesSequentially(TestNG.java:1274) [testng-7.10.2.jar:7.10.2]
	at org.testng.TestNG.runSuitesLocally(TestNG.java:1208) [testng-7.10.2.jar:7.10.2]
	at org.testng.TestNG.runSuites(TestNG.java:1112) [testng-7.10.2.jar:7.10.2]
	at org.testng.TestNG.run(TestNG.java:1079) [testng-7.10.2.jar:7.10.2]
	at org.apache.maven.surefire.testng.TestNGExecutor.run(TestNGExecutor.java:308) [surefire-testng-3.5.2.jar:3.5.2]
	at org.apache.maven.surefire.testng.TestNGXmlTestSuite.execute(TestNGXmlTestSuite.java:71) [surefire-testng-3.5.2.jar:3.5.2]
	at org.apache.maven.surefire.testng.TestNGProvider.invoke(TestNGProvider.java:113) [surefire-testng-3.5.2.jar:3.5.2]
	at org.apache.maven.surefire.booter.ForkedBooter.runSuitesInProcess(ForkedBooter.java:385) [surefire-booter-3.5.2.jar:3.5.2]
	at org.apache.maven.surefire.booter.ForkedBooter.execute(ForkedBooter.java:162) [surefire-booter-3.5.2.jar:3.5.2]
	at org.apache.maven.surefire.booter.ForkedBooter.run(ForkedBooter.java:507) [surefire-booter-3.5.2.jar:3.5.2]
	at org.apache.maven.surefire.booter.ForkedBooter.main(ForkedBooter.java:495) [surefire-booter-3.5.2.jar:3.5.2]
2026-06-04 12:42:54.564 [main] INFO  com.krce.amazon.utilities.ScreenshotUtil - Screenshot saved: C:\Users\shree\IdeaProjects\Amazon\output\screenshots\Failure_toys_for_kids_20260604_124249.png
2026-06-04 12:42:54.796 [main] INFO  com.krce.amazon.utilities.RetryAnalyzer - Retrying test 'testAmazonProductSearch' - attempt 1/2
2026-06-04 12:42:54.821 [main] WARN  com.krce.amazon.utilities.ExtentTestNGListener - Test skipped: testAmazonProductSearch
2026-06-04 12:43:00.292 [main] INFO  com.krce.amazon.utilities.ScreenshotUtil - Screenshot saved: C:\Users\shree\IdeaProjects\Amazon\output\screenshots\AfterTest__20260604_124256.png
2026-06-04 12:43:13.380 [main] INFO  com.krce.amazon.base.BaseTest - WebDriver quit successfully
2026-06-04 12:43:13.392 [main] INFO  com.krce.amazon.base.BaseTest - Initializing browser: chrome, headless: false
2026-06-04 12:43:21.164 [main] INFO  com.krce.amazon.base.BaseTest - WebDriver initialized for browser: chrome
2026-06-04 12:43:21.422 [main] INFO  com.krce.amazon.utilities.ExtentTestNGListener - Test started: testAmazonProductSearch
2026-06-04 12:43:21.508 [main] INFO  com.krce.amazon.tests.AmazonProductSearchTest - Starting test for keyword: toys for kids
2026-06-04 12:43:31.410 [main] INFO  com.krce.amazon.pages.HomePage - Navigated to Amazon URL: https://www.amazon.in
2026-06-04 12:43:46.593 [main] ERROR com.krce.amazon.tests.AmazonProductSearchTest - Test failed for keyword: toys for kids
org.openqa.selenium.TimeoutException: Expected condition failed: waiting for element to be clickable: [[ChromeDriver: chrome on windows (57a2ead1e5b2750558b64d371c1a7feb)] -> id: searchDropdownBox] (tried for 15 second(s) with 500 milliseconds interval)
Build info: version: '4.27.0', revision: 'd6e718d134'
System info: os.name: 'Windows 11', os.arch: 'amd64', os.version: '10.0', java.version: '21.0.10'
Driver info: org.openqa.selenium.chrome.ChromeDriver
Capabilities {acceptInsecureCerts: false, browserName: chrome, browserVersion: 148.0.7778.217, chrome: {chromedriverVersion: 148.0.7778.178 (d096af1c9e9..., userDataDir: C:\Users\shree\AppData\Loca...}, fedcm:accounts: true, goog:chromeOptions: {debuggerAddress: localhost:50403}, goog:processID: 62332, networkConnectionEnabled: false, pageLoadStrategy: normal, platformName: windows, proxy: Proxy(), se:cdp: ws://localhost:50403/devtoo..., se:cdpVersion: 148.0.7778.217, setWindowRect: true, strictFileInteractability: false, timeouts: {implicit: 0, pageLoad: 300000, script: 30000}, unhandledPromptBehavior: dismiss and notify, webauthn:extension:credBlob: true, webauthn:extension:largeBlob: true, webauthn:extension:minPinLength: true, webauthn:extension:prf: true, webauthn:virtualAuthenticators: true}
Session ID: 57a2ead1e5b2750558b64d371c1a7feb
	at org.openqa.selenium.support.ui.WebDriverWait.timeoutException(WebDriverWait.java:84) ~[selenium-support-4.27.0.jar:?]
	at org.openqa.selenium.support.ui.FluentWait.until(FluentWait.java:228) ~[selenium-support-4.27.0.jar:?]
	at com.krce.amazon.pages.HomePage.selectCategory(HomePage.java:46) ~[classes/:?]
	at com.krce.amazon.pages.HomePage.searchProduct(HomePage.java:68) ~[classes/:?]
	at com.krce.amazon.tests.AmazonProductSearchTest.testAmazonProductSearch(AmazonProductSearchTest.java:75) ~[test-classes/:?]
	at java.base/jdk.internal.reflect.DirectMethodHandleAccessor.invoke(DirectMethodHandleAccessor.java:103) ~[?:?]
	at java.base/java.lang.reflect.Method.invoke(Method.java:580) ~[?:?]
	at org.testng.internal.invokers.MethodInvocationHelper.invokeMethod(MethodInvocationHelper.java:141) ~[testng-7.10.2.jar:7.10.2]
	at org.testng.internal.invokers.TestInvoker.invokeMethod(TestInvoker.java:686) ~[testng-7.10.2.jar:7.10.2]
	at org.testng.internal.invokers.TestInvoker.retryFailed(TestInvoker.java:269) ~[testng-7.10.2.jar:7.10.2]
	at org.testng.internal.invokers.MethodRunner.runInSequence(MethodRunner.java:76) ~[testng-7.10.2.jar:7.10.2]
	at org.testng.internal.invokers.TestInvoker$MethodInvocationAgent.invoke(TestInvoker.java:992) ~[testng-7.10.2.jar:7.10.2]
	at org.testng.internal.invokers.TestInvoker.invokeTestMethods(TestInvoker.java:203) ~[testng-7.10.2.jar:7.10.2]
	at org.testng.internal.invokers.TestMethodWorker.invokeTestMethods(TestMethodWorker.java:154) ~[testng-7.10.2.jar:7.10.2]
	at org.testng.internal.invokers.TestMethodWorker.run(TestMethodWorker.java:134) ~[testng-7.10.2.jar:7.10.2]
	at java.base/java.util.ArrayList.forEach(ArrayList.java:1596) [?:?]
	at org.testng.TestRunner.privateRun(TestRunner.java:739) [testng-7.10.2.jar:7.10.2]
	at org.testng.TestRunner.run(TestRunner.java:614) [testng-7.10.2.jar:7.10.2]
	at org.testng.SuiteRunner.runTest(SuiteRunner.java:421) [testng-7.10.2.jar:7.10.2]
	at org.testng.SuiteRunner.runSequentially(SuiteRunner.java:413) [testng-7.10.2.jar:7.10.2]
	at org.testng.SuiteRunner.privateRun(SuiteRunner.java:373) [testng-7.10.2.jar:7.10.2]
	at org.testng.SuiteRunner.run(SuiteRunner.java:312) [testng-7.10.2.jar:7.10.2]
	at org.testng.SuiteRunnerWorker.runSuite(SuiteRunnerWorker.java:52) [testng-7.10.2.jar:7.10.2]
	at org.testng.SuiteRunnerWorker.run(SuiteRunnerWorker.java:95) [testng-7.10.2.jar:7.10.2]
	at org.testng.TestNG.runSuitesSequentially(TestNG.java:1274) [testng-7.10.2.jar:7.10.2]
	at org.testng.TestNG.runSuitesLocally(TestNG.java:1208) [testng-7.10.2.jar:7.10.2]
	at org.testng.TestNG.runSuites(TestNG.java:1112) [testng-7.10.2.jar:7.10.2]
	at org.testng.TestNG.run(TestNG.java:1079) [testng-7.10.2.jar:7.10.2]
	at org.apache.maven.surefire.testng.TestNGExecutor.run(TestNGExecutor.java:308) [surefire-testng-3.5.2.jar:3.5.2]
	at org.apache.maven.surefire.testng.TestNGXmlTestSuite.execute(TestNGXmlTestSuite.java:71) [surefire-testng-3.5.2.jar:3.5.2]
	at org.apache.maven.surefire.testng.TestNGProvider.invoke(TestNGProvider.java:113) [surefire-testng-3.5.2.jar:3.5.2]
	at org.apache.maven.surefire.booter.ForkedBooter.runSuitesInProcess(ForkedBooter.java:385) [surefire-booter-3.5.2.jar:3.5.2]
	at org.apache.maven.surefire.booter.ForkedBooter.execute(ForkedBooter.java:162) [surefire-booter-3.5.2.jar:3.5.2]
	at org.apache.maven.surefire.booter.ForkedBooter.run(ForkedBooter.java:507) [surefire-booter-3.5.2.jar:3.5.2]
	at org.apache.maven.surefire.booter.ForkedBooter.main(ForkedBooter.java:495) [surefire-booter-3.5.2.jar:3.5.2]
2026-06-04 12:43:48.861 [main] INFO  com.krce.amazon.utilities.ScreenshotUtil - Screenshot saved: C:\Users\shree\IdeaProjects\Amazon\output\screenshots\Failure_toys_for_kids_20260604_124346.png
2026-06-04 12:43:48.893 [main] INFO  com.krce.amazon.utilities.RetryAnalyzer - Retrying test 'testAmazonProductSearch' - attempt 2/2
2026-06-04 12:43:48.901 [main] WARN  com.krce.amazon.utilities.ExtentTestNGListener - Test skipped: testAmazonProductSearch
2026-06-04 12:43:50.716 [main] INFO  com.krce.amazon.utilities.ScreenshotUtil - Screenshot saved: C:\Users\shree\IdeaProjects\Amazon\output\screenshots\AfterTest__20260604_124348.png
2026-06-04 12:44:10.953 [main] INFO  com.krce.amazon.base.BaseTest - WebDriver quit successfully
2026-06-04 12:44:10.966 [main] INFO  com.krce.amazon.base.BaseTest - Initializing browser: chrome, headless: false
2026-06-04 12:44:16.672 [main] INFO  com.krce.amazon.base.BaseTest - WebDriver initialized for browser: chrome
2026-06-04 12:44:16.687 [main] INFO  com.krce.amazon.utilities.ExtentTestNGListener - Test started: testAmazonProductSearch
2026-06-04 12:44:16.690 [main] INFO  com.krce.amazon.tests.AmazonProductSearchTest - Starting test for keyword: toys for kids
2026-06-04 12:44:32.061 [main] INFO  com.krce.amazon.pages.HomePage - Navigated to Amazon URL: https://www.amazon.in
2026-06-04 12:44:47.432 [main] ERROR com.krce.amazon.tests.AmazonProductSearchTest - Test failed for keyword: toys for kids
org.openqa.selenium.TimeoutException: Expected condition failed: waiting for element to be clickable: [[ChromeDriver: chrome on windows (5ee9074b08fc2c6a197f7c22fb8973c1)] -> id: searchDropdownBox] (tried for 15 second(s) with 500 milliseconds interval)
Build info: version: '4.27.0', revision: 'd6e718d134'
System info: os.name: 'Windows 11', os.arch: 'amd64', os.version: '10.0', java.version: '21.0.10'
Driver info: org.openqa.selenium.chrome.ChromeDriver
Capabilities {acceptInsecureCerts: false, browserName: chrome, browserVersion: 148.0.7778.217, chrome: {chromedriverVersion: 148.0.7778.178 (d096af1c9e9..., userDataDir: C:\Users\shree\AppData\Loca...}, fedcm:accounts: true, goog:chromeOptions: {debuggerAddress: localhost:62997}, goog:processID: 21840, networkConnectionEnabled: false, pageLoadStrategy: normal, platformName: windows, proxy: Proxy(), se:cdp: ws://localhost:62997/devtoo..., se:cdpVersion: 148.0.7778.217, setWindowRect: true, strictFileInteractability: false, timeouts: {implicit: 0, pageLoad: 300000, script: 30000}, unhandledPromptBehavior: dismiss and notify, webauthn:extension:credBlob: true, webauthn:extension:largeBlob: true, webauthn:extension:minPinLength: true, webauthn:extension:prf: true, webauthn:virtualAuthenticators: true}
Session ID: 5ee9074b08fc2c6a197f7c22fb8973c1
	at org.openqa.selenium.support.ui.WebDriverWait.timeoutException(WebDriverWait.java:84) ~[selenium-support-4.27.0.jar:?]
	at org.openqa.selenium.support.ui.FluentWait.until(FluentWait.java:228) ~[selenium-support-4.27.0.jar:?]
	at com.krce.amazon.pages.HomePage.selectCategory(HomePage.java:46) ~[classes/:?]
	at com.krce.amazon.pages.HomePage.searchProduct(HomePage.java:68) ~[classes/:?]
	at com.krce.amazon.tests.AmazonProductSearchTest.testAmazonProductSearch(AmazonProductSearchTest.java:75) ~[test-classes/:?]
	at java.base/jdk.internal.reflect.DirectMethodHandleAccessor.invoke(DirectMethodHandleAccessor.java:103) ~[?:?]
	at java.base/java.lang.reflect.Method.invoke(Method.java:580) ~[?:?]
	at org.testng.internal.invokers.MethodInvocationHelper.invokeMethod(MethodInvocationHelper.java:141) ~[testng-7.10.2.jar:7.10.2]
	at org.testng.internal.invokers.TestInvoker.invokeMethod(TestInvoker.java:686) ~[testng-7.10.2.jar:7.10.2]
	at org.testng.internal.invokers.TestInvoker.retryFailed(TestInvoker.java:269) ~[testng-7.10.2.jar:7.10.2]
	at org.testng.internal.invokers.MethodRunner.runInSequence(MethodRunner.java:76) ~[testng-7.10.2.jar:7.10.2]
	at org.testng.internal.invokers.TestInvoker$MethodInvocationAgent.invoke(TestInvoker.java:992) ~[testng-7.10.2.jar:7.10.2]
	at org.testng.internal.invokers.TestInvoker.invokeTestMethods(TestInvoker.java:203) ~[testng-7.10.2.jar:7.10.2]
	at org.testng.internal.invokers.TestMethodWorker.invokeTestMethods(TestMethodWorker.java:154) ~[testng-7.10.2.jar:7.10.2]
	at org.testng.internal.invokers.TestMethodWorker.run(TestMethodWorker.java:134) ~[testng-7.10.2.jar:7.10.2]
	at java.base/java.util.ArrayList.forEach(ArrayList.java:1596) [?:?]
	at org.testng.TestRunner.privateRun(TestRunner.java:739) [testng-7.10.2.jar:7.10.2]
	at org.testng.TestRunner.run(TestRunner.java:614) [testng-7.10.2.jar:7.10.2]
	at org.testng.SuiteRunner.runTest(SuiteRunner.java:421) [testng-7.10.2.jar:7.10.2]
	at org.testng.SuiteRunner.runSequentially(SuiteRunner.java:413) [testng-7.10.2.jar:7.10.2]
	at org.testng.SuiteRunner.privateRun(SuiteRunner.java:373) [testng-7.10.2.jar:7.10.2]
	at org.testng.SuiteRunner.run(SuiteRunner.java:312) [testng-7.10.2.jar:7.10.2]
	at org.testng.SuiteRunnerWorker.runSuite(SuiteRunnerWorker.java:52) [testng-7.10.2.jar:7.10.2]
	at org.testng.SuiteRunnerWorker.run(SuiteRunnerWorker.java:95) [testng-7.10.2.jar:7.10.2]
	at org.testng.TestNG.runSuitesSequentially(TestNG.java:1274) [testng-7.10.2.jar:7.10.2]
	at org.testng.TestNG.runSuitesLocally(TestNG.java:1208) [testng-7.10.2.jar:7.10.2]
	at org.testng.TestNG.runSuites(TestNG.java:1112) [testng-7.10.2.jar:7.10.2]
	at org.testng.TestNG.run(TestNG.java:1079) [testng-7.10.2.jar:7.10.2]
	at org.apache.maven.surefire.testng.TestNGExecutor.run(TestNGExecutor.java:308) [surefire-testng-3.5.2.jar:3.5.2]
	at org.apache.maven.surefire.testng.TestNGXmlTestSuite.execute(TestNGXmlTestSuite.java:71) [surefire-testng-3.5.2.jar:3.5.2]
	at org.apache.maven.surefire.testng.TestNGProvider.invoke(TestNGProvider.java:113) [surefire-testng-3.5.2.jar:3.5.2]
	at org.apache.maven.surefire.booter.ForkedBooter.runSuitesInProcess(ForkedBooter.java:385) [surefire-booter-3.5.2.jar:3.5.2]
	at org.apache.maven.surefire.booter.ForkedBooter.execute(ForkedBooter.java:162) [surefire-booter-3.5.2.jar:3.5.2]
	at org.apache.maven.surefire.booter.ForkedBooter.run(ForkedBooter.java:507) [surefire-booter-3.5.2.jar:3.5.2]
	at org.apache.maven.surefire.booter.ForkedBooter.main(ForkedBooter.java:495) [surefire-booter-3.5.2.jar:3.5.2]
2026-06-04 12:44:49.849 [main] INFO  com.krce.amazon.utilities.ScreenshotUtil - Screenshot saved: C:\Users\shree\IdeaProjects\Amazon\output\screenshots\Failure_toys_for_kids_20260604_124447.png
2026-06-04 12:44:49.873 [main] ERROR com.krce.amazon.utilities.ExtentTestNGListener - Test failed: testAmazonProductSearch - java.lang.AssertionError: Test failed: Expected condition failed: waiting for element to be clickable: [[ChromeDriver: chrome on windows (5ee9074b08fc2c6a197f7c22fb8973c1)] -> id: searchDropdownBox] (tried for 15 second(s) with 500 milliseconds interval)
Build info: version: '4.27.0', revision: 'd6e718d134'
System info: os.name: 'Windows 11', os.arch: 'amd64', os.version: '10.0', java.version: '21.0.10'
Driver info: org.openqa.selenium.chrome.ChromeDriver
Capabilities {acceptInsecureCerts: false, browserName: chrome, browserVersion: 148.0.7778.217, chrome: {chromedriverVersion: 148.0.7778.178 (d096af1c9e9..., userDataDir: C:\Users\shree\AppData\Loca...}, fedcm:accounts: true, goog:chromeOptions: {debuggerAddress: localhost:62997}, goog:processID: 21840, networkConnectionEnabled: false, pageLoadStrategy: normal, platformName: windows, proxy: Proxy(), se:cdp: ws://localhost:62997/devtoo..., se:cdpVersion: 148.0.7778.217, setWindowRect: true, strictFileInteractability: false, timeouts: {implicit: 0, pageLoad: 300000, script: 30000}, unhandledPromptBehavior: dismiss and notify, webauthn:extension:credBlob: true, webauthn:extension:largeBlob: true, webauthn:extension:minPinLength: true, webauthn:extension:prf: true, webauthn:virtualAuthenticators: true}
Session ID: 5ee9074b08fc2c6a197f7c22fb8973c1
2026-06-04 12:44:52.428 [main] INFO  com.krce.amazon.utilities.ScreenshotUtil - Screenshot saved: C:\Users\shree\IdeaProjects\Amazon\output\screenshots\AfterTest__20260604_124449.png
2026-06-04 12:45:13.628 [main] INFO  com.krce.amazon.base.BaseTest - WebDriver quit successfully
2026-06-04 12:45:14.297 [main] INFO  com.krce.amazon.utilities.ExtentTestNGListener - Test suite finished: Amazon Product Search Tests
2026-06-04 12:45:20.190 [main] INFO  com.krce.amazon.utilities.ExtentReportManager - Extent Report flushed to: C:\Users\shree\IdeaProjects\Amazon\output\reports\AmazonTestReport_20260604_123508.html
2026-06-04 12:45:20.191 [main] INFO  com.krce.amazon.base.BaseTest - Extent Report finalized
2026-06-04 12:45:20.195 [main] INFO  com.krce.amazon.base.BaseTest - Email not configured - skipping email report
2026-06-04 12:45:20.196 [main] INFO  com.krce.amazon.base.BaseTest - Test suite teardown complete
2026-06-04 12:50:34.988 [main] INFO  com.krce.amazon.config.ConfigReader - Configuration loaded from classpath: /config.properties
2026-06-04 12:50:37.268 [main] INFO  com.krce.amazon.utilities.ExtentReportManager - Extent Report initialized at: C:\Users\shree\IdeaProjects\Amazon\output\reports\AmazonTestReport_20260604_125034.html
2026-06-04 12:50:37.294 [main] INFO  com.krce.amazon.base.BaseTest - Suite initialized
2026-06-04 12:50:42.020 [main] INFO  com.krce.amazon.utilities.ExcelReader - Read 4 search keywords from Excel: C:\Users\shree\IdeaProjects\Amazon\src\main\resources\testdata\input.xlsx
2026-06-04 12:50:42.265 [main] INFO  com.krce.amazon.base.BaseTest - Starting browser: chrome, headless: false
2026-06-04 12:50:53.897 [main] INFO  com.krce.amazon.tests.AmazonProductSearchTest - === Keyword: toys ===
2026-06-04 12:51:16.252 [main] INFO  com.krce.amazon.pages.HomePage - Navigated to Amazon URL: https://www.amazon.in
2026-06-04 12:51:32.082 [main] ERROR com.krce.amazon.tests.AmazonProductSearchTest - Failed for keyword 'toys': Expected condition failed: waiting for element to be clickable: [[ChromeDriver: chrome on windows (381ac3c44810d6f03ddd8903de6d2f24)] -> id: searchDropdownBox] (tried for 15 second(s) with 500 milliseconds interval)
Build info: version: '4.27.0', revision: 'd6e718d134'
System info: os.name: 'Windows 11', os.arch: 'amd64', os.version: '10.0', java.version: '21.0.10'
Driver info: org.openqa.selenium.chrome.ChromeDriver
Capabilities {acceptInsecureCerts: false, browserName: chrome, browserVersion: 148.0.7778.217, chrome: {chromedriverVersion: 148.0.7778.178 (d096af1c9e9..., userDataDir: C:\Users\shree\AppData\Loca...}, fedcm:accounts: true, goog:chromeOptions: {debuggerAddress: localhost:61757}, goog:processID: 23520, networkConnectionEnabled: false, pageLoadStrategy: normal, platformName: windows, proxy: Proxy(), se:cdp: ws://localhost:61757/devtoo..., se:cdpVersion: 148.0.7778.217, setWindowRect: true, strictFileInteractability: false, timeouts: {implicit: 0, pageLoad: 300000, script: 30000}, unhandledPromptBehavior: dismiss and notify, webauthn:extension:credBlob: true, webauthn:extension:largeBlob: true, webauthn:extension:minPinLength: true, webauthn:extension:prf: true, webauthn:virtualAuthenticators: true}
Session ID: 381ac3c44810d6f03ddd8903de6d2f24
2026-06-04 12:51:34.422 [main] INFO  com.krce.amazon.utilities.ScreenshotUtil - Screenshot: C:\Users\shree\IdeaProjects\Amazon\output\screenshots\FAIL_toys_20260604_125132.png
2026-06-04 12:51:34.527 [main] INFO  com.krce.amazon.tests.AmazonProductSearchTest - === Keyword: toys under 500 ===
2026-06-04 12:51:44.070 [main] INFO  com.krce.amazon.pages.HomePage - Navigated to Amazon URL: https://www.amazon.in
2026-06-04 12:51:59.537 [main] ERROR com.krce.amazon.tests.AmazonProductSearchTest - Failed for keyword 'toys under 500': Expected condition failed: waiting for element to be clickable: [[ChromeDriver: chrome on windows (381ac3c44810d6f03ddd8903de6d2f24)] -> id: searchDropdownBox] (tried for 15 second(s) with 500 milliseconds interval)
Build info: version: '4.27.0', revision: 'd6e718d134'
System info: os.name: 'Windows 11', os.arch: 'amd64', os.version: '10.0', java.version: '21.0.10'
Driver info: org.openqa.selenium.chrome.ChromeDriver
Capabilities {acceptInsecureCerts: false, browserName: chrome, browserVersion: 148.0.7778.217, chrome: {chromedriverVersion: 148.0.7778.178 (d096af1c9e9..., userDataDir: C:\Users\shree\AppData\Loca...}, fedcm:accounts: true, goog:chromeOptions: {debuggerAddress: localhost:61757}, goog:processID: 23520, networkConnectionEnabled: false, pageLoadStrategy: normal, platformName: windows, proxy: Proxy(), se:cdp: ws://localhost:61757/devtoo..., se:cdpVersion: 148.0.7778.217, setWindowRect: true, strictFileInteractability: false, timeouts: {implicit: 0, pageLoad: 300000, script: 30000}, unhandledPromptBehavior: dismiss and notify, webauthn:extension:credBlob: true, webauthn:extension:largeBlob: true, webauthn:extension:minPinLength: true, webauthn:extension:prf: true, webauthn:virtualAuthenticators: true}
Session ID: 381ac3c44810d6f03ddd8903de6d2f24
2026-06-04 12:52:01.740 [main] INFO  com.krce.amazon.utilities.ScreenshotUtil - Screenshot: C:\Users\shree\IdeaProjects\Amazon\output\screenshots\FAIL_toys_under_500_20260604_125159.png
2026-06-04 12:52:01.810 [main] INFO  com.krce.amazon.tests.AmazonProductSearchTest - === Keyword: toys above 500 ===
2026-06-04 12:52:30.344 [main] INFO  com.krce.amazon.pages.HomePage - Navigated to Amazon URL: https://www.amazon.in
2026-06-04 12:52:46.422 [main] ERROR com.krce.amazon.tests.AmazonProductSearchTest - Failed for keyword 'toys above 500': Expected condition failed: waiting for element to be clickable: [[ChromeDriver: chrome on windows (381ac3c44810d6f03ddd8903de6d2f24)] -> id: searchDropdownBox] (tried for 15 second(s) with 500 milliseconds interval)
Build info: version: '4.27.0', revision: 'd6e718d134'
System info: os.name: 'Windows 11', os.arch: 'amd64', os.version: '10.0', java.version: '21.0.10'
Driver info: org.openqa.selenium.chrome.ChromeDriver
Capabilities {acceptInsecureCerts: false, browserName: chrome, browserVersion: 148.0.7778.217, chrome: {chromedriverVersion: 148.0.7778.178 (d096af1c9e9..., userDataDir: C:\Users\shree\AppData\Loca...}, fedcm:accounts: true, goog:chromeOptions: {debuggerAddress: localhost:61757}, goog:processID: 23520, networkConnectionEnabled: false, pageLoadStrategy: normal, platformName: windows, proxy: Proxy(), se:cdp: ws://localhost:61757/devtoo..., se:cdpVersion: 148.0.7778.217, setWindowRect: true, strictFileInteractability: false, timeouts: {implicit: 0, pageLoad: 300000, script: 30000}, unhandledPromptBehavior: dismiss and notify, webauthn:extension:credBlob: true, webauthn:extension:largeBlob: true, webauthn:extension:minPinLength: true, webauthn:extension:prf: true, webauthn:virtualAuthenticators: true}
Session ID: 381ac3c44810d6f03ddd8903de6d2f24
2026-06-04 12:52:49.158 [main] INFO  com.krce.amazon.utilities.ScreenshotUtil - Screenshot: C:\Users\shree\IdeaProjects\Amazon\output\screenshots\FAIL_toys_above_500_20260604_125246.png
2026-06-04 12:52:49.460 [main] INFO  com.krce.amazon.tests.AmazonProductSearchTest - === Keyword: toys for kids ===
2026-06-04 12:52:58.950 [main] INFO  com.krce.amazon.pages.HomePage - Navigated to Amazon URL: https://www.amazon.in
2026-06-04 12:53:15.329 [main] ERROR com.krce.amazon.tests.AmazonProductSearchTest - Failed for keyword 'toys for kids': Expected condition failed: waiting for element to be clickable: [[ChromeDriver: chrome on windows (381ac3c44810d6f03ddd8903de6d2f24)] -> id: searchDropdownBox] (tried for 15 second(s) with 500 milliseconds interval)
Build info: version: '4.27.0', revision: 'd6e718d134'
System info: os.name: 'Windows 11', os.arch: 'amd64', os.version: '10.0', java.version: '21.0.10'
Driver info: org.openqa.selenium.chrome.ChromeDriver
Capabilities {acceptInsecureCerts: false, browserName: chrome, browserVersion: 148.0.7778.217, chrome: {chromedriverVersion: 148.0.7778.178 (d096af1c9e9..., userDataDir: C:\Users\shree\AppData\Loca...}, fedcm:accounts: true, goog:chromeOptions: {debuggerAddress: localhost:61757}, goog:processID: 23520, networkConnectionEnabled: false, pageLoadStrategy: normal, platformName: windows, proxy: Proxy(), se:cdp: ws://localhost:61757/devtoo..., se:cdpVersion: 148.0.7778.217, setWindowRect: true, strictFileInteractability: false, timeouts: {implicit: 0, pageLoad: 300000, script: 30000}, unhandledPromptBehavior: dismiss and notify, webauthn:extension:credBlob: true, webauthn:extension:largeBlob: true, webauthn:extension:minPinLength: true, webauthn:extension:prf: true, webauthn:virtualAuthenticators: true}
Session ID: 381ac3c44810d6f03ddd8903de6d2f24
2026-06-04 12:53:19.259 [main] INFO  com.krce.amazon.utilities.ScreenshotUtil - Screenshot: C:\Users\shree\IdeaProjects\Amazon\output\screenshots\FAIL_toys_for_kids_20260604_125316.png
2026-06-04 12:54:05.323 [main] INFO  com.krce.amazon.utilities.ExtentReportManager - Extent Report flushed to: C:\Users\shree\IdeaProjects\Amazon\output\reports\AmazonTestReport_20260604_125034.html
2026-06-04 12:54:12.228 [main] ERROR com.krce.amazon.utilities.EmailUtil - Failed to send email
javax.mail.MessagingException: Could not convert socket to TLS
	at com.sun.mail.smtp.SMTPTransport.startTLS(SMTPTransport.java:2155) ~[javax.mail-1.6.2.jar:1.6.2]
	at com.sun.mail.smtp.SMTPTransport.protocolConnect(SMTPTransport.java:752) ~[javax.mail-1.6.2.jar:1.6.2]
	at javax.mail.Service.connect(Service.java:388) ~[javax.mail-1.6.2.jar:1.6.2]
	at javax.mail.Service.connect(Service.java:246) ~[javax.mail-1.6.2.jar:1.6.2]
	at javax.mail.Service.connect(Service.java:195) ~[javax.mail-1.6.2.jar:1.6.2]
	at javax.mail.Transport.send0(Transport.java:254) ~[javax.mail-1.6.2.jar:1.6.2]
	at javax.mail.Transport.send(Transport.java:124) ~[javax.mail-1.6.2.jar:1.6.2]
	at com.krce.amazon.utilities.EmailUtil.sendEmailWithAttachments(EmailUtil.java:69) [classes/:?]
	at com.krce.amazon.base.BaseTest.tearDownSuite(BaseTest.java:95) [test-classes/:?]
	at java.base/jdk.internal.reflect.DirectMethodHandleAccessor.invoke(DirectMethodHandleAccessor.java:103) ~[?:?]
	at java.base/java.lang.reflect.Method.invoke(Method.java:580) ~[?:?]
	at org.testng.internal.invokers.MethodInvocationHelper.invokeMethod(MethodInvocationHelper.java:141) [testng-7.10.2.jar:7.10.2]
	at org.testng.internal.invokers.MethodInvocationHelper.invokeMethodConsideringTimeout(MethodInvocationHelper.java:71) [testng-7.10.2.jar:7.10.2]
	at org.testng.internal.invokers.ConfigInvoker.invokeConfigurationMethod(ConfigInvoker.java:400) [testng-7.10.2.jar:7.10.2]
	at org.testng.internal.invokers.ConfigInvoker.invokeConfigurations(ConfigInvoker.java:333) [testng-7.10.2.jar:7.10.2]
	at org.testng.SuiteRunner.privateRun(SuiteRunner.java:386) [testng-7.10.2.jar:7.10.2]
	at org.testng.SuiteRunner.run(SuiteRunner.java:312) [testng-7.10.2.jar:7.10.2]
	at org.testng.SuiteRunnerWorker.runSuite(SuiteRunnerWorker.java:52) [testng-7.10.2.jar:7.10.2]
	at org.testng.SuiteRunnerWorker.run(SuiteRunnerWorker.java:95) [testng-7.10.2.jar:7.10.2]
	at org.testng.TestNG.runSuitesSequentially(TestNG.java:1274) [testng-7.10.2.jar:7.10.2]
	at org.testng.TestNG.runSuitesLocally(TestNG.java:1208) [testng-7.10.2.jar:7.10.2]
	at org.testng.TestNG.runSuites(TestNG.java:1112) [testng-7.10.2.jar:7.10.2]
	at org.testng.TestNG.run(TestNG.java:1079) [testng-7.10.2.jar:7.10.2]
	at org.apache.maven.surefire.testng.TestNGExecutor.run(TestNGExecutor.java:308) [surefire-testng-3.5.2.jar:3.5.2]
	at org.apache.maven.surefire.testng.TestNGXmlTestSuite.execute(TestNGXmlTestSuite.java:71) [surefire-testng-3.5.2.jar:3.5.2]
	at org.apache.maven.surefire.testng.TestNGProvider.invoke(TestNGProvider.java:113) [surefire-testng-3.5.2.jar:3.5.2]
	at org.apache.maven.surefire.booter.ForkedBooter.runSuitesInProcess(ForkedBooter.java:385) [surefire-booter-3.5.2.jar:3.5.2]
	at org.apache.maven.surefire.booter.ForkedBooter.execute(ForkedBooter.java:162) [surefire-booter-3.5.2.jar:3.5.2]
	at org.apache.maven.surefire.booter.ForkedBooter.run(ForkedBooter.java:507) [surefire-booter-3.5.2.jar:3.5.2]
	at org.apache.maven.surefire.booter.ForkedBooter.main(ForkedBooter.java:495) [surefire-booter-3.5.2.jar:3.5.2]
Caused by: javax.net.ssl.SSLHandshakeException: PKIX path building failed: sun.security.provider.certpath.SunCertPathBuilderException: unable to find valid certification path to requested target
	at java.base/sun.security.ssl.Alert.createSSLException(Alert.java:130) ~[?:?]
	at java.base/sun.security.ssl.TransportContext.fatal(TransportContext.java:383) ~[?:?]
	at java.base/sun.security.ssl.TransportContext.fatal(TransportContext.java:326) ~[?:?]
	at java.base/sun.security.ssl.TransportContext.fatal(TransportContext.java:321) ~[?:?]
	at java.base/sun.security.ssl.CertificateMessage$T13CertificateConsumer.checkServerCerts(CertificateMessage.java:1287) ~[?:?]
	at java.base/sun.security.ssl.CertificateMessage$T13CertificateConsumer.onConsumeCertificate(CertificateMessage.java:1164) ~[?:?]
	at java.base/sun.security.ssl.CertificateMessage$T13CertificateConsumer.consume(CertificateMessage.java:1107) ~[?:?]
	at java.base/sun.security.ssl.SSLHandshake.consume(SSLHandshake.java:393) ~[?:?]
	at java.base/sun.security.ssl.HandshakeContext.dispatch(HandshakeContext.java:477) ~[?:?]
	at java.base/sun.security.ssl.HandshakeContext.dispatch(HandshakeContext.java:448) ~[?:?]
	at java.base/sun.security.ssl.TransportContext.dispatch(TransportContext.java:206) ~[?:?]
	at java.base/sun.security.ssl.SSLTransport.decode(SSLTransport.java:172) ~[?:?]
	at java.base/sun.security.ssl.SSLSocketImpl.decode(SSLSocketImpl.java:1506) ~[?:?]
	at java.base/sun.security.ssl.SSLSocketImpl.readHandshakeRecord(SSLSocketImpl.java:1421) ~[?:?]
	at java.base/sun.security.ssl.SSLSocketImpl.startHandshake(SSLSocketImpl.java:455) ~[?:?]
	at java.base/sun.security.ssl.SSLSocketImpl.startHandshake(SSLSocketImpl.java:426) ~[?:?]
	at com.sun.mail.util.SocketFetcher.configureSSLSocket(SocketFetcher.java:626) ~[javax.mail-1.6.2.jar:1.6.2]
	at com.sun.mail.util.SocketFetcher.startTLS(SocketFetcher.java:553) ~[javax.mail-1.6.2.jar:1.6.2]
	at com.sun.mail.smtp.SMTPTransport.startTLS(SMTPTransport.java:2150) ~[javax.mail-1.6.2.jar:1.6.2]
	... 29 more
Caused by: sun.security.validator.ValidatorException: PKIX path building failed: sun.security.provider.certpath.SunCertPathBuilderException: unable to find valid certification path to requested target
	at java.base/sun.security.validator.PKIXValidator.doBuild(PKIXValidator.java:388) ~[?:?]
	at java.base/sun.security.validator.PKIXValidator.engineValidate(PKIXValidator.java:271) ~[?:?]
	at java.base/sun.security.validator.Validator.validate(Validator.java:256) ~[?:?]
	at java.base/sun.security.ssl.X509TrustManagerImpl.checkTrusted(X509TrustManagerImpl.java:230) ~[?:?]
	at java.base/sun.security.ssl.X509TrustManagerImpl.checkServerTrusted(X509TrustManagerImpl.java:132) ~[?:?]
	at java.base/sun.security.ssl.CertificateMessage$T13CertificateConsumer.checkServerCerts(CertificateMessage.java:1271) ~[?:?]
	at java.base/sun.security.ssl.CertificateMessage$T13CertificateConsumer.onConsumeCertificate(CertificateMessage.java:1164) ~[?:?]
	at java.base/sun.security.ssl.CertificateMessage$T13CertificateConsumer.consume(CertificateMessage.java:1107) ~[?:?]
	at java.base/sun.security.ssl.SSLHandshake.consume(SSLHandshake.java:393) ~[?:?]
	at java.base/sun.security.ssl.HandshakeContext.dispatch(HandshakeContext.java:477) ~[?:?]
	at java.base/sun.security.ssl.HandshakeContext.dispatch(HandshakeContext.java:448) ~[?:?]
	at java.base/sun.security.ssl.TransportContext.dispatch(TransportContext.java:206) ~[?:?]
	at java.base/sun.security.ssl.SSLTransport.decode(SSLTransport.java:172) ~[?:?]
	at java.base/sun.security.ssl.SSLSocketImpl.decode(SSLSocketImpl.java:1506) ~[?:?]
	at java.base/sun.security.ssl.SSLSocketImpl.readHandshakeRecord(SSLSocketImpl.java:1421) ~[?:?]
	at java.base/sun.security.ssl.SSLSocketImpl.startHandshake(SSLSocketImpl.java:455) ~[?:?]
	at java.base/sun.security.ssl.SSLSocketImpl.startHandshake(SSLSocketImpl.java:426) ~[?:?]
	at com.sun.mail.util.SocketFetcher.configureSSLSocket(SocketFetcher.java:626) ~[javax.mail-1.6.2.jar:1.6.2]
	at com.sun.mail.util.SocketFetcher.startTLS(SocketFetcher.java:553) ~[javax.mail-1.6.2.jar:1.6.2]
	at com.sun.mail.smtp.SMTPTransport.startTLS(SMTPTransport.java:2150) ~[javax.mail-1.6.2.jar:1.6.2]
	... 29 more
Caused by: sun.security.provider.certpath.SunCertPathBuilderException: unable to find valid certification path to requested target
	at java.base/sun.security.provider.certpath.SunCertPathBuilder.build(SunCertPathBuilder.java:148) ~[?:?]
	at java.base/sun.security.provider.certpath.SunCertPathBuilder.engineBuild(SunCertPathBuilder.java:129) ~[?:?]
	at java.base/java.security.cert.CertPathBuilder.build(CertPathBuilder.java:297) ~[?:?]
	at java.base/sun.security.validator.PKIXValidator.doBuild(PKIXValidator.java:383) ~[?:?]
	at java.base/sun.security.validator.PKIXValidator.engineValidate(PKIXValidator.java:271) ~[?:?]
	at java.base/sun.security.validator.Validator.validate(Validator.java:256) ~[?:?]
	at java.base/sun.security.ssl.X509TrustManagerImpl.checkTrusted(X509TrustManagerImpl.java:230) ~[?:?]
	at java.base/sun.security.ssl.X509TrustManagerImpl.checkServerTrusted(X509TrustManagerImpl.java:132) ~[?:?]
	at java.base/sun.security.ssl.CertificateMessage$T13CertificateConsumer.checkServerCerts(CertificateMessage.java:1271) ~[?:?]
	at java.base/sun.security.ssl.CertificateMessage$T13CertificateConsumer.onConsumeCertificate(CertificateMessage.java:1164) ~[?:?]
	at java.base/sun.security.ssl.CertificateMessage$T13CertificateConsumer.consume(CertificateMessage.java:1107) ~[?:?]
	at java.base/sun.security.ssl.SSLHandshake.consume(SSLHandshake.java:393) ~[?:?]
	at java.base/sun.security.ssl.HandshakeContext.dispatch(HandshakeContext.java:477) ~[?:?]
	at java.base/sun.security.ssl.HandshakeContext.dispatch(HandshakeContext.java:448) ~[?:?]
	at java.base/sun.security.ssl.TransportContext.dispatch(TransportContext.java:206) ~[?:?]
	at java.base/sun.security.ssl.SSLTransport.decode(SSLTransport.java:172) ~[?:?]
	at java.base/sun.security.ssl.SSLSocketImpl.decode(SSLSocketImpl.java:1506) ~[?:?]
	at java.base/sun.security.ssl.SSLSocketImpl.readHandshakeRecord(SSLSocketImpl.java:1421) ~[?:?]
	at java.base/sun.security.ssl.SSLSocketImpl.startHandshake(SSLSocketImpl.java:455) ~[?:?]
	at java.base/sun.security.ssl.SSLSocketImpl.startHandshake(SSLSocketImpl.java:426) ~[?:?]
	at com.sun.mail.util.SocketFetcher.configureSSLSocket(SocketFetcher.java:626) ~[javax.mail-1.6.2.jar:1.6.2]
	at com.sun.mail.util.SocketFetcher.startTLS(SocketFetcher.java:553) ~[javax.mail-1.6.2.jar:1.6.2]
	at com.sun.mail.smtp.SMTPTransport.startTLS(SMTPTransport.java:2150) ~[javax.mail-1.6.2.jar:1.6.2]
	... 29 more
2026-06-04 12:54:12.391 [main] INFO  com.krce.amazon.base.BaseTest - Suite finished
2026-06-04 13:00:53.808 [main] INFO  com.krce.amazon.config.ConfigReader - Configuration loaded from classpath: /config.properties
2026-06-04 13:00:54.899 [main] INFO  com.krce.amazon.utilities.ExtentReportManager - Extent Report initialized at: C:\Users\shree\IdeaProjects\Amazon\output\reports\AmazonTestReport_20260604_130053.html
2026-06-04 13:00:54.911 [main] INFO  com.krce.amazon.base.BaseTest - Suite initialized
2026-06-04 13:00:57.826 [main] INFO  com.krce.amazon.utilities.ExcelReader - Read 4 search keywords from Excel: C:\Users\shree\IdeaProjects\Amazon\src\main\resources\testdata\input.xlsx
2026-06-04 13:00:57.962 [main] INFO  com.krce.amazon.base.BaseTest - Starting browser: chrome, headless: false
2026-06-04 13:01:05.335 [main] INFO  com.krce.amazon.tests.AmazonProductSearchTest - === Keyword: toys ===
2026-06-04 13:01:21.902 [main] INFO  com.krce.amazon.pages.HomePage - Navigated to Amazon URL: https://www.amazon.in
2026-06-04 13:01:26.820 [main] INFO  com.krce.amazon.pages.HomePage - Entered keyword: toys
2026-06-04 13:01:43.412 [main] INFO  com.krce.amazon.pages.HomePage - Clicked search button
2026-06-04 13:01:48.145 [main] INFO  com.krce.amazon.utilities.ScreenshotUtil - Screenshot: C:\Users\shree\IdeaProjects\Amazon\output\screenshots\toys_20260604_130146.png
2026-06-04 13:03:13.879 [main] INFO  com.krce.amazon.pages.SearchResultsPage - Extracted 0 products
2026-06-04 13:03:15.433 [main] INFO  com.krce.amazon.tests.AmazonProductSearchTest - === Keyword: toys under 500 ===
2026-06-04 13:03:29.760 [main] INFO  com.krce.amazon.pages.HomePage - Navigated to Amazon URL: https://www.amazon.in
2026-06-04 13:03:34.056 [main] INFO  com.krce.amazon.pages.HomePage - Entered keyword: toys under 500
2026-06-04 13:03:37.554 [main] INFO  com.krce.amazon.pages.HomePage - Clicked search button
2026-06-04 13:03:53.695 [main] INFO  com.krce.amazon.utilities.ScreenshotUtil - Screenshot: C:\Users\shree\IdeaProjects\Amazon\output\screenshots\toys_under_500_20260604_130352.png
2026-06-04 13:04:39.609 [main] INFO  com.krce.amazon.pages.SearchResultsPage - Extracted 0 products
2026-06-04 13:04:39.824 [main] INFO  com.krce.amazon.tests.AmazonProductSearchTest - === Keyword: toys above 500 ===
2026-06-04 13:04:51.649 [main] INFO  com.krce.amazon.pages.HomePage - Navigated to Amazon URL: https://www.amazon.in
2026-06-04 13:04:52.832 [main] INFO  com.krce.amazon.pages.HomePage - Entered keyword: toys above 500
2026-06-04 13:05:00.927 [main] INFO  com.krce.amazon.pages.HomePage - Clicked search button
2026-06-04 13:05:06.344 [main] INFO  com.krce.amazon.utilities.ScreenshotUtil - Screenshot: C:\Users\shree\IdeaProjects\Amazon\output\screenshots\toys_above_500_20260604_130504.png
2026-06-04 13:06:18.863 [main] INFO  com.krce.amazon.pages.SearchResultsPage - Extracted 0 products
2026-06-04 13:06:19.067 [main] INFO  com.krce.amazon.tests.AmazonProductSearchTest - === Keyword: toys for kids ===
2026-06-04 13:06:29.753 [main] INFO  com.krce.amazon.pages.HomePage - Navigated to Amazon URL: https://www.amazon.in
2026-06-04 13:06:31.278 [main] INFO  com.krce.amazon.pages.HomePage - Entered keyword: toys for kids
2026-06-04 13:06:38.410 [main] INFO  com.krce.amazon.pages.HomePage - Clicked search button
2026-06-04 13:06:48.685 [main] INFO  com.krce.amazon.utilities.ScreenshotUtil - Screenshot: C:\Users\shree\IdeaProjects\Amazon\output\screenshots\toys_for_kids_20260604_130646.png
2026-06-04 13:07:49.888 [main] INFO  com.krce.amazon.pages.SearchResultsPage - Extracted 0 products
2026-06-04 13:07:59.514 [main] INFO  com.krce.amazon.utilities.ExtentReportManager - Extent Report flushed to: C:\Users\shree\IdeaProjects\Amazon\output\reports\AmazonTestReport_20260604_130053.html
2026-06-04 13:08:03.688 [main] ERROR com.krce.amazon.utilities.EmailUtil - Failed to send email
javax.mail.MessagingException: Could not convert socket to TLS
	at com.sun.mail.smtp.SMTPTransport.startTLS(SMTPTransport.java:2155) ~[javax.mail-1.6.2.jar:1.6.2]
	at com.sun.mail.smtp.SMTPTransport.protocolConnect(SMTPTransport.java:752) ~[javax.mail-1.6.2.jar:1.6.2]
	at javax.mail.Service.connect(Service.java:388) ~[javax.mail-1.6.2.jar:1.6.2]
	at javax.mail.Service.connect(Service.java:246) ~[javax.mail-1.6.2.jar:1.6.2]
	at javax.mail.Service.connect(Service.java:195) ~[javax.mail-1.6.2.jar:1.6.2]
	at javax.mail.Transport.send0(Transport.java:254) ~[javax.mail-1.6.2.jar:1.6.2]
	at javax.mail.Transport.send(Transport.java:124) ~[javax.mail-1.6.2.jar:1.6.2]
	at com.krce.amazon.utilities.EmailUtil.sendEmailWithAttachments(EmailUtil.java:69) [classes/:?]
	at com.krce.amazon.base.BaseTest.tearDownSuite(BaseTest.java:95) [test-classes/:?]
	at java.base/jdk.internal.reflect.DirectMethodHandleAccessor.invoke(DirectMethodHandleAccessor.java:103) ~[?:?]
	at java.base/java.lang.reflect.Method.invoke(Method.java:580) ~[?:?]
	at org.testng.internal.invokers.MethodInvocationHelper.invokeMethod(MethodInvocationHelper.java:141) [testng-7.10.2.jar:7.10.2]
	at org.testng.internal.invokers.MethodInvocationHelper.invokeMethodConsideringTimeout(MethodInvocationHelper.java:71) [testng-7.10.2.jar:7.10.2]
	at org.testng.internal.invokers.ConfigInvoker.invokeConfigurationMethod(ConfigInvoker.java:400) [testng-7.10.2.jar:7.10.2]
	at org.testng.internal.invokers.ConfigInvoker.invokeConfigurations(ConfigInvoker.java:333) [testng-7.10.2.jar:7.10.2]
	at org.testng.SuiteRunner.privateRun(SuiteRunner.java:386) [testng-7.10.2.jar:7.10.2]
	at org.testng.SuiteRunner.run(SuiteRunner.java:312) [testng-7.10.2.jar:7.10.2]
	at org.testng.SuiteRunnerWorker.runSuite(SuiteRunnerWorker.java:52) [testng-7.10.2.jar:7.10.2]
	at org.testng.SuiteRunnerWorker.run(SuiteRunnerWorker.java:95) [testng-7.10.2.jar:7.10.2]
	at org.testng.TestNG.runSuitesSequentially(TestNG.java:1274) [testng-7.10.2.jar:7.10.2]
	at org.testng.TestNG.runSuitesLocally(TestNG.java:1208) [testng-7.10.2.jar:7.10.2]
	at org.testng.TestNG.runSuites(TestNG.java:1112) [testng-7.10.2.jar:7.10.2]
	at org.testng.TestNG.run(TestNG.java:1079) [testng-7.10.2.jar:7.10.2]
	at org.apache.maven.surefire.testng.TestNGExecutor.run(TestNGExecutor.java:308) [surefire-testng-3.5.2.jar:3.5.2]
	at org.apache.maven.surefire.testng.TestNGXmlTestSuite.execute(TestNGXmlTestSuite.java:71) [surefire-testng-3.5.2.jar:3.5.2]
	at org.apache.maven.surefire.testng.TestNGProvider.invoke(TestNGProvider.java:113) [surefire-testng-3.5.2.jar:3.5.2]
	at org.apache.maven.surefire.booter.ForkedBooter.runSuitesInProcess(ForkedBooter.java:385) [surefire-booter-3.5.2.jar:3.5.2]
	at org.apache.maven.surefire.booter.ForkedBooter.execute(ForkedBooter.java:162) [surefire-booter-3.5.2.jar:3.5.2]
	at org.apache.maven.surefire.booter.ForkedBooter.run(ForkedBooter.java:507) [surefire-booter-3.5.2.jar:3.5.2]
	at org.apache.maven.surefire.booter.ForkedBooter.main(ForkedBooter.java:495) [surefire-booter-3.5.2.jar:3.5.2]
Caused by: javax.net.ssl.SSLHandshakeException: PKIX path building failed: sun.security.provider.certpath.SunCertPathBuilderException: unable to find valid certification path to requested target
	at java.base/sun.security.ssl.Alert.createSSLException(Alert.java:130) ~[?:?]
	at java.base/sun.security.ssl.TransportContext.fatal(TransportContext.java:383) ~[?:?]
	at java.base/sun.security.ssl.TransportContext.fatal(TransportContext.java:326) ~[?:?]
	at java.base/sun.security.ssl.TransportContext.fatal(TransportContext.java:321) ~[?:?]
	at java.base/sun.security.ssl.CertificateMessage$T13CertificateConsumer.checkServerCerts(CertificateMessage.java:1287) ~[?:?]
	at java.base/sun.security.ssl.CertificateMessage$T13CertificateConsumer.onConsumeCertificate(CertificateMessage.java:1164) ~[?:?]
	at java.base/sun.security.ssl.CertificateMessage$T13CertificateConsumer.consume(CertificateMessage.java:1107) ~[?:?]
	at java.base/sun.security.ssl.SSLHandshake.consume(SSLHandshake.java:393) ~[?:?]
	at java.base/sun.security.ssl.HandshakeContext.dispatch(HandshakeContext.java:477) ~[?:?]
	at java.base/sun.security.ssl.HandshakeContext.dispatch(HandshakeContext.java:448) ~[?:?]
	at java.base/sun.security.ssl.TransportContext.dispatch(TransportContext.java:206) ~[?:?]
	at java.base/sun.security.ssl.SSLTransport.decode(SSLTransport.java:172) ~[?:?]
	at java.base/sun.security.ssl.SSLSocketImpl.decode(SSLSocketImpl.java:1506) ~[?:?]
	at java.base/sun.security.ssl.SSLSocketImpl.readHandshakeRecord(SSLSocketImpl.java:1421) ~[?:?]
	at java.base/sun.security.ssl.SSLSocketImpl.startHandshake(SSLSocketImpl.java:455) ~[?:?]
	at java.base/sun.security.ssl.SSLSocketImpl.startHandshake(SSLSocketImpl.java:426) ~[?:?]
	at com.sun.mail.util.SocketFetcher.configureSSLSocket(SocketFetcher.java:626) ~[javax.mail-1.6.2.jar:1.6.2]
	at com.sun.mail.util.SocketFetcher.startTLS(SocketFetcher.java:553) ~[javax.mail-1.6.2.jar:1.6.2]
	at com.sun.mail.smtp.SMTPTransport.startTLS(SMTPTransport.java:2150) ~[javax.mail-1.6.2.jar:1.6.2]
	... 29 more
Caused by: sun.security.validator.ValidatorException: PKIX path building failed: sun.security.provider.certpath.SunCertPathBuilderException: unable to find valid certification path to requested target
	at java.base/sun.security.validator.PKIXValidator.doBuild(PKIXValidator.java:388) ~[?:?]
	at java.base/sun.security.validator.PKIXValidator.engineValidate(PKIXValidator.java:271) ~[?:?]
	at java.base/sun.security.validator.Validator.validate(Validator.java:256) ~[?:?]
	at java.base/sun.security.ssl.X509TrustManagerImpl.checkTrusted(X509TrustManagerImpl.java:230) ~[?:?]
	at java.base/sun.security.ssl.X509TrustManagerImpl.checkServerTrusted(X509TrustManagerImpl.java:132) ~[?:?]
	at java.base/sun.security.ssl.CertificateMessage$T13CertificateConsumer.checkServerCerts(CertificateMessage.java:1271) ~[?:?]
	at java.base/sun.security.ssl.CertificateMessage$T13CertificateConsumer.onConsumeCertificate(CertificateMessage.java:1164) ~[?:?]
	at java.base/sun.security.ssl.CertificateMessage$T13CertificateConsumer.consume(CertificateMessage.java:1107) ~[?:?]
	at java.base/sun.security.ssl.SSLHandshake.consume(SSLHandshake.java:393) ~[?:?]
	at java.base/sun.security.ssl.HandshakeContext.dispatch(HandshakeContext.java:477) ~[?:?]
	at java.base/sun.security.ssl.HandshakeContext.dispatch(HandshakeContext.java:448) ~[?:?]
	at java.base/sun.security.ssl.TransportContext.dispatch(TransportContext.java:206) ~[?:?]
	at java.base/sun.security.ssl.SSLTransport.decode(SSLTransport.java:172) ~[?:?]
	at java.base/sun.security.ssl.SSLSocketImpl.decode(SSLSocketImpl.java:1506) ~[?:?]
	at java.base/sun.security.ssl.SSLSocketImpl.readHandshakeRecord(SSLSocketImpl.java:1421) ~[?:?]
	at java.base/sun.security.ssl.SSLSocketImpl.startHandshake(SSLSocketImpl.java:455) ~[?:?]
	at java.base/sun.security.ssl.SSLSocketImpl.startHandshake(SSLSocketImpl.java:426) ~[?:?]
	at com.sun.mail.util.SocketFetcher.configureSSLSocket(SocketFetcher.java:626) ~[javax.mail-1.6.2.jar:1.6.2]
	at com.sun.mail.util.SocketFetcher.startTLS(SocketFetcher.java:553) ~[javax.mail-1.6.2.jar:1.6.2]
	at com.sun.mail.smtp.SMTPTransport.startTLS(SMTPTransport.java:2150) ~[javax.mail-1.6.2.jar:1.6.2]
	... 29 more
Caused by: sun.security.provider.certpath.SunCertPathBuilderException: unable to find valid certification path to requested target
	at java.base/sun.security.provider.certpath.SunCertPathBuilder.build(SunCertPathBuilder.java:148) ~[?:?]
	at java.base/sun.security.provider.certpath.SunCertPathBuilder.engineBuild(SunCertPathBuilder.java:129) ~[?:?]
	at java.base/java.security.cert.CertPathBuilder.build(CertPathBuilder.java:297) ~[?:?]
	at java.base/sun.security.validator.PKIXValidator.doBuild(PKIXValidator.java:383) ~[?:?]
	at java.base/sun.security.validator.PKIXValidator.engineValidate(PKIXValidator.java:271) ~[?:?]
	at java.base/sun.security.validator.Validator.validate(Validator.java:256) ~[?:?]
	at java.base/sun.security.ssl.X509TrustManagerImpl.checkTrusted(X509TrustManagerImpl.java:230) ~[?:?]
	at java.base/sun.security.ssl.X509TrustManagerImpl.checkServerTrusted(X509TrustManagerImpl.java:132) ~[?:?]
	at java.base/sun.security.ssl.CertificateMessage$T13CertificateConsumer.checkServerCerts(CertificateMessage.java:1271) ~[?:?]
	at java.base/sun.security.ssl.CertificateMessage$T13CertificateConsumer.onConsumeCertificate(CertificateMessage.java:1164) ~[?:?]
	at java.base/sun.security.ssl.CertificateMessage$T13CertificateConsumer.consume(CertificateMessage.java:1107) ~[?:?]
	at java.base/sun.security.ssl.SSLHandshake.consume(SSLHandshake.java:393) ~[?:?]
	at java.base/sun.security.ssl.HandshakeContext.dispatch(HandshakeContext.java:477) ~[?:?]
	at java.base/sun.security.ssl.HandshakeContext.dispatch(HandshakeContext.java:448) ~[?:?]
	at java.base/sun.security.ssl.TransportContext.dispatch(TransportContext.java:206) ~[?:?]
	at java.base/sun.security.ssl.SSLTransport.decode(SSLTransport.java:172) ~[?:?]
	at java.base/sun.security.ssl.SSLSocketImpl.decode(SSLSocketImpl.java:1506) ~[?:?]
	at java.base/sun.security.ssl.SSLSocketImpl.readHandshakeRecord(SSLSocketImpl.java:1421) ~[?:?]
	at java.base/sun.security.ssl.SSLSocketImpl.startHandshake(SSLSocketImpl.java:455) ~[?:?]
	at java.base/sun.security.ssl.SSLSocketImpl.startHandshake(SSLSocketImpl.java:426) ~[?:?]
	at com.sun.mail.util.SocketFetcher.configureSSLSocket(SocketFetcher.java:626) ~[javax.mail-1.6.2.jar:1.6.2]
	at com.sun.mail.util.SocketFetcher.startTLS(SocketFetcher.java:553) ~[javax.mail-1.6.2.jar:1.6.2]
	at com.sun.mail.smtp.SMTPTransport.startTLS(SMTPTransport.java:2150) ~[javax.mail-1.6.2.jar:1.6.2]
	... 29 more
2026-06-04 13:08:03.762 [main] INFO  com.krce.amazon.base.BaseTest - Suite finished
